Date,Price,Open,High,Low,Volume,Change %
2020-07-13,1.279,1.009,1.279,1.009,,26.71
2020-07-14,1.115,1.279,1.279,1.114,,-12.78
2020-07-15,1.383,1.115,1.384,1.115,,24.0
2020-07-21,1.004,0.874,1.005,0.874,,-27.41
2020-07-22,1.046,1.004,1.087,1.003,,4.17
2020-07-23,1.044,1.046,1.087,1.005,,-0.14
2020-07-25,1.274,0.986,1.379,0.986,,22.02
2020-07-26,1.61,1.274,1.61,1.249,,26.34
2020-07-27,1.731,1.61,2.067,1.61,,7.49
2020-07-28,1.787,1.731,1.821,1.63,,3.24
2020-07-29,1.65,1.787,2.051,1.618,,-7.67
2020-07-30,1.67,1.649,1.785,1.649,,1.21
2020-07-31,1.555,1.67,1.67,1.554,,-6.85
2020-08-01,1.617,1.555,1.649,1.495,,3.97
2020-08-02,1.716,1.617,1.717,1.436,,6.13
2020-08-03,1.786,1.716,1.83,1.682,,4.08
2020-08-04,1.896,1.786,1.933,1.786,,6.14
2020-08-05,1.784,1.896,1.896,1.783,,-5.92
2020-08-06,2.178,1.784,2.178,1.783,,22.08
2020-08-07,2.051,2.178,2.178,1.895,,-5.83
2020-08-08,2.5,2.051,2.601,2.012,,21.93
2020-08-09,2.706,2.5,2.706,2.31,,8.22
2020-08-10,3.184,2.706,3.313,2.5,,17.67
2020-08-11,3.445,3.184,3.445,2.772,,8.21
2020-08-12,3.728,3.445,3.88,3.183,,8.21
2020-08-13,3.728,3.728,4.12,3.585,,0.0
2020-08-14,3.377,3.728,3.729,3.377,,-9.4
2020-08-15,3.179,3.377,3.655,3.179,,-5.87
2020-08-16,3.378,3.179,3.445,3.179,,6.26
2020-08-17,3.121,3.378,3.378,3.121,,-7.63
2020-08-18,3.378,3.121,3.585,2.9,,8.26
2020-08-19,2.942,3.378,3.445,2.883,,-12.9
2020-08-20,3.184,2.942,3.377,2.939,,8.2
2020-08-21,2.94,3.184,3.184,2.94,,-7.66
2020-08-22,3.06,2.94,3.184,2.717,,4.09
2020-08-23,3.312,3.06,3.379,3.059,,8.23
2020-08-24,3.31,3.312,3.585,3.246,,-0.07
2020-08-25,3.265,3.31,3.312,3.064,,-1.34
2020-08-26,3.563,3.265,3.784,3.199,,9.1
2020-08-27,3.442,3.563,3.796,3.336,,-3.39
2020-08-28,4.008,3.442,4.234,3.442,,16.44
2020-08-29,3.979,4.008,4.079,3.802,,-0.71
2020-08-30,4.439,3.979,4.575,3.925,,11.55
2020-08-31,4.758,4.439,4.843,4.158,,7.2
2020-09-01,4.327,4.758,4.934,4.327,,-9.06
2020-09-02,4.151,4.327,4.355,3.826,,-4.08
2020-09-03,3.526,4.151,4.312,3.526,,-15.06
2020-09-04,3.544,3.526,3.782,3.194,,0.53
2020-09-05,2.538,3.544,3.624,2.408,,-28.4
2020-09-06,3.068,2.538,3.14,2.333,,20.89
2020-09-07,2.921,3.068,3.15,2.417,,-4.79
2020-09-08,2.476,2.921,2.925,2.409,,-15.23
2020-09-09,3.614,2.476,3.674,2.391,,45.98
2020-09-10,3.461,3.614,3.843,3.314,,-4.25
2020-09-11,3.428,3.461,3.487,3.053,,-0.94
2020-09-12,3.336,3.428,3.449,3.16,,-2.68
2020-09-13,3.245,3.336,3.361,3.032,,-2.72
2020-09-14,3.272,3.245,3.442,3.106,,0.82
2020-09-15,2.926,3.272,3.303,2.922,,-10.57
2020-09-16,2.55,2.926,2.926,2.449,,-12.86
2020-09-17,2.894,2.55,2.925,2.459,,13.49
2020-09-18,3.1,2.894,3.136,2.763,,7.14
2020-09-19,3.017,3.1,3.243,2.972,,-2.7
2020-09-20,2.877,3.017,3.017,2.712,,-4.62
2020-09-21,2.776,2.877,3.001,2.49,,-3.51
2020-09-22,2.926,2.776,2.971,2.757,,5.41
2020-09-23,2.842,2.926,3.036,2.786,,-2.9
2020-09-24,3.142,2.842,3.235,2.815,,10.56
2020-09-25,3.194,3.142,3.237,2.916,,1.68
2020-09-26,3.129,3.194,3.202,3.053,,-2.05
2020-09-27,3.159,3.129,3.159,3.011,,0.96
2020-09-28,2.945,3.159,3.172,2.945,,-6.78
2020-09-29,2.952,2.945,3.006,2.906,,0.24
2020-09-30,2.889,2.952,2.985,2.845,,-2.14
2020-10-01,2.859,2.889,2.976,2.688,,-1.04
2020-10-02,2.619,2.859,2.859,2.464,,-8.38
2020-10-03,2.554,2.619,2.658,2.554,,-2.5
2020-10-04,2.517,2.554,2.575,2.432,,-1.41
2020-10-05,2.659,2.517,2.667,2.475,,5.6
2020-10-06,2.166,2.659,2.659,2.157,,-18.51
2020-10-07,2.292,2.166,2.329,2.108,,5.78
2020-10-08,2.365,2.292,2.435,2.036,,3.2
2020-10-09,2.546,2.365,2.602,2.321,,7.65
2020-10-10,2.405,2.546,2.596,2.405,,-5.52
2020-10-11,2.417,2.405,2.448,2.351,,0.5
2020-10-12,2.581,2.417,2.679,2.417,,6.78
2020-10-13,2.404,2.581,2.581,2.354,,-6.84
2020-10-14,2.309,2.404,2.432,2.251,,-3.94
2020-10-15,2.275,2.309,2.333,2.226,,-1.49
2020-10-16,2.148,2.275,2.275,2.13,,-5.61
2020-10-17,2.196,2.148,2.231,2.142,,2.25
2020-10-18,2.203,2.196,2.246,2.187,,0.31
2020-10-19,2.057,2.203,2.203,2.056,,-6.6
2020-10-20,1.89,2.057,2.094,1.863,,-8.16
2020-10-21,1.891,1.89,2.03,1.863,,0.08
2020-10-22,1.954,1.891,2.078,1.891,,3.34
2020-10-23,1.956,1.954,1.982,1.863,,0.1
2020-10-24,1.914,1.956,1.959,1.894,,-2.16
2020-10-25,1.787,1.914,1.914,1.775,,-6.62
2020-10-26,1.692,1.787,1.857,1.635,,-5.33
2020-10-27,1.712,1.692,1.739,1.623,,1.21
2020-10-28,1.512,1.712,1.715,1.475,,-11.72
2020-10-29,1.427,1.512,1.565,1.426,,-5.57
2020-10-30,1.429,1.427,1.445,1.353,,0.12
2020-10-31,1.545,1.429,1.548,1.429,,8.12
2020-11-01,1.604,1.545,1.635,1.526,,3.78
2020-11-02,1.481,1.604,1.632,1.475,,-7.64
2020-11-03,1.418,1.481,1.481,1.418,,-4.26
2020-11-04,1.397,1.418,1.418,1.298,,-1.46
2020-11-05,1.4,1.397,1.471,1.311,,0.21
2020-11-06,1.911,1.4,1.921,1.4,,36.5
2020-11-07,2.505,1.911,2.505,1.911,,31.05
2020-11-08,2.152,2.505,2.51,1.551,,-14.08
2020-11-09,2.025,2.152,2.175,1.988,,-5.89
2020-11-10,2.261,2.025,2.306,2.019,,11.61
2020-11-11,2.002,2.261,2.287,2.002,,-11.45
2020-11-12,1.895,2.002,2.049,1.842,,-5.34
2020-11-13,2.019,1.895,2.042,1.895,,6.58
2020-11-14,1.928,2.019,2.024,1.893,,-4.53
2020-11-15,2.033,1.928,2.188,1.928,,5.43
2020-11-16,2.255,2.033,2.345,2.008,,10.93
2020-11-17,2.203,2.255,2.313,2.142,,-2.31
2020-11-18,2.124,2.203,2.204,2.031,,-3.59
2020-11-19,2.073,2.124,2.174,2.029,,-2.4
2020-11-20,2.104,2.073,2.221,2.061,,1.5
2020-11-21,2.393,2.104,2.495,2.05,,13.74
2020-11-22,2.157,2.393,2.393,2.108,,-9.85
2020-11-23,2.274,2.157,2.341,2.129,,5.44
2020-11-24,2.276,2.274,2.437,2.172,,0.07
2020-11-25,2.274,2.276,2.482,2.202,,-0.1
2020-11-26,1.901,2.274,2.29,1.747,,-16.39
2020-11-27,1.857,1.901,1.96,1.79,,-2.3
2020-11-28,1.888,1.857,1.928,1.811,,1.66
2020-11-29,1.909,1.888,1.939,1.862,,1.09
2020-11-30,1.967,1.909,1.999,1.909,,3.03
2020-12-01,1.978,1.967,2.131,1.943,,0.57
2020-12-02,2.116,1.978,2.168,1.972,,6.98
2020-12-03,2.096,2.116,2.21,2.082,,-0.94
2020-12-04,1.857,2.096,2.108,1.857,,-11.37
2020-12-05,1.974,1.857,1.974,1.847,,6.25
2020-12-06,1.85,1.974,1.977,1.82,,-6.26
2020-12-07,1.827,1.85,1.892,1.818,,-1.25
2020-12-08,1.682,1.827,1.827,1.675,,-7.95
2020-12-09,1.666,1.682,1.682,1.532,,-0.95
2020-12-10,1.58,1.666,1.666,1.556,,-5.17
2020-12-11,1.449,1.58,1.58,1.449,,-8.25
2020-12-12,1.499,1.449,1.533,1.449,,3.46
2020-12-13,1.566,1.499,1.639,1.468,,4.45
2020-12-14,1.594,1.566,1.614,1.528,,1.78
2020-12-15,1.755,1.594,1.785,1.592,,10.13
2020-12-16,1.785,1.755,1.785,1.636,,1.68
2020-12-17,1.676,1.785,1.791,1.664,,-6.11
2020-12-18,1.696,1.676,1.7,1.647,,1.17
2020-12-19,1.667,1.696,1.754,1.667,,-1.68
2020-12-20,1.564,1.667,1.681,1.541,,-6.17
2020-12-21,1.54,1.564,1.614,1.43,,-1.56
2020-12-22,1.493,1.54,1.569,1.48,,-3.01
2020-12-23,1.199,1.493,1.501,1.139,,-19.71
2020-12-24,1.358,1.199,1.38,1.199,,13.25
2020-12-25,1.443,1.358,1.447,1.352,,6.23
2020-12-26,1.326,1.443,1.444,1.321,,-8.12
2020-12-27,1.306,1.326,1.385,1.286,,-1.49
2020-12-28,1.515,1.306,1.515,1.306,,16.04
2020-12-29,1.673,1.515,1.7,1.445,,10.4
2020-12-30,1.534,1.673,1.673,1.534,,-8.3
2020-12-31,1.514,1.534,1.546,1.437,,-1.3
2021-01-01,1.837,1.514,1.837,1.507,,21.34
2021-01-02,1.796,1.837,1.986,1.733,,-2.22
2021-01-03,2.161,1.796,2.295,1.796,,20.27
2021-01-04,2.489,2.161,2.489,1.945,,15.18
2021-01-05,2.155,2.489,2.489,2.093,,-13.39
2021-01-06,1.934,2.155,2.165,1.934,,-10.29
2021-01-07,2.359,1.934,2.412,1.934,,22.0
2021-01-08,3.889,2.359,3.889,2.184,,64.83
2021-01-09,3.0,3.889,3.889,2.9,,-22.85
2021-01-10,3.053,3.0,3.7,3.0,,1.76
2021-01-11,3.107,3.053,3.154,2.616,,1.77
2021-01-12,3.631,3.107,3.831,3.088,,16.88
2021-01-13,3.517,3.631,3.631,3.313,,-3.14
2021-01-14,3.284,3.517,3.543,3.208,,-6.63
2021-01-15,3.3,3.284,3.425,3.0,,0.48
2021-01-16,3.449,3.3,3.68,3.3,,4.5
2021-01-17,3.827,3.449,3.963,3.362,,10.99
2021-01-18,3.784,3.827,4.111,3.02,,-1.13
2021-01-19,3.647,3.784,3.996,3.622,,-3.62
2021-01-20,3.723,3.647,3.726,3.382,,2.08
2021-01-21,2.985,3.723,3.723,2.985,,-19.83
2021-01-22,3.339,2.985,3.485,2.661,,11.87
2021-01-23,3.501,3.339,3.583,3.328,,4.85
2021-01-24,3.624,3.501,3.78,3.501,,3.51
2021-01-25,3.72,3.624,3.953,3.473,,2.64
2021-01-26,4.037,3.72,4.062,3.714,,8.53
2021-01-27,3.688,4.037,4.037,3.652,,-8.64
2021-01-28,3.819,3.688,3.907,3.62,,3.54
2021-01-29,3.842,3.819,3.871,3.638,,0.6
2021-01-30,4.232,3.842,4.271,3.797,,10.15
2021-01-31,4.268,4.232,4.781,4.197,,0.86
2021-02-01,4.622,4.268,4.622,4.128,,8.29
2021-02-02,5.257,4.622,5.335,4.489,,13.75
2021-02-03,5.719,5.257,5.77,5.097,,8.77
2021-02-04,6.42,5.722,6.511,5.61,,12.26
2021-02-05,6.5,6.421,7.077,4.848,,1.25
2021-02-06,6.12,6.5,6.89,5.788,,-5.85
2021-02-07,6.704,6.12,6.846,5.817,,9.54
2021-02-08,7.879,6.704,8.039,6.498,,17.53
2021-02-09,7.836,7.879,8.444,7.654,,-0.54
2021-02-10,8.95,7.836,9.06,7.557,,14.21
2021-02-11,9.185,8.95,10.1,8.875,,2.63
2021-02-12,9.21,9.185,9.914,9.08,,0.27
2021-02-13,8.669,9.21,9.488,8.669,,-5.87
2021-02-14,8.735,8.669,9.116,8.604,,0.76
2021-02-15,8.846,8.735,9.29,7.904,,1.27
2021-02-16,8.3,8.846,8.899,8.081,,-6.17
2021-02-17,8.236,8.3,8.41,7.634,,-0.77
2021-02-18,8.984,8.236,9.17,8.236,,9.09
2021-02-19,11.444,8.984,11.499,8.644,,27.38
2021-02-20,10.005,11.444,11.444,9.924,,-12.57
2021-02-21,11.074,10.005,11.495,10.005,,10.68
2021-02-22,14.512,11.074,14.512,9.78,,31.05
2021-02-23,15.089,14.512,16.11,12.003,,3.97
2021-02-24,17.167,15.089,20.0,14.0,,13.77
2021-02-25,14.0,17.167,17.616,14.0,,-18.45
2021-02-26,13.576,14.0,15.352,13.368,,-3.03
2021-02-27,13.215,13.576,14.45,13.157,,-2.66
2021-02-28,13.063,13.215,13.658,11.572,,-1.15
2021-03-01,14.983,13.063,15.378,13.063,,14.7
2021-03-02,13.974,14.983,15.182,13.522,,-6.73
2021-03-03,14.131,13.975,14.562,13.846,,1.12
2021-03-04,13.112,14.131,14.142,12.806,,-7.21
2021-03-05,12.572,13.112,13.112,12.218,,-4.12
2021-03-06,12.924,12.572,13.162,11.99,,2.8
2021-03-07,13.791,12.924,13.949,12.717,,6.71
2021-03-08,13.598,13.791,13.837,13.072,,-1.4
2021-03-09,14.86,13.598,14.973,13.361,,9.29
2021-03-10,14.235,14.86,14.86,14.134,,-4.21
2021-03-11,15.987,14.235,16.339,13.74,,12.31
2021-03-12,14.552,15.987,16.454,14.36,,-8.98
2021-03-13,15.37,14.552,15.37,13.896,,5.62
2021-03-14,14.555,15.37,15.37,14.38,,-5.31
2021-03-15,14.28,14.555,14.7,13.808,,-1.89
2021-03-16,13.805,14.28,14.28,13.3,,-3.33
2021-03-17,13.99,13.805,14.2,13.367,,1.34
2021-03-18,14.328,13.99,14.703,13.99,,2.41
2021-03-19,14.287,14.328,14.437,14.034,,-0.28
2021-03-20,14.27,14.287,14.838,14.202,,-0.12
2021-03-21,14.18,14.27,14.3,13.714,,-0.63
2021-03-22,14.888,14.18,16.54,14.18,,5.0
2021-03-23,14.193,14.888,15.194,14.193,,-4.67
2021-03-24,13.629,14.184,15.257,13.628,,-3.98
2021-03-25,12.988,13.629,13.629,12.679,,-4.7
2021-03-26,14.75,12.988,14.75,12.422,,13.56
2021-03-27,16.506,14.75,16.527,14.75,,11.91
2021-03-28,18.22,16.506,24.4,16.347,,10.38
2021-03-29,18.878,18.22,18.909,17.715,,3.61
2021-03-30,19.156,18.878,21.4,18.878,,1.47
2021-03-31,19.437,19.156,19.677,18.534,,1.47
2021-04-01,19.07,19.437,20.6,18.66,,-1.89
2021-04-02,19.749,19.07,19.749,18.612,,3.56
2021-04-03,22.466,19.749,23.397,19.749,,13.75
2021-04-04,23.876,22.466,25.308,22.278,,6.28
2021-04-05,22.957,23.876,24.463,22.906,,-3.85
2021-04-06,24.971,22.957,24.994,21.913,,8.77
2021-04-07,26.478,24.971,27.304,23.364,,6.04
2021-04-08,27.723,26.478,29.0,23.5,,4.7
2021-04-10,26.79,27.377,27.377,26.046,,-3.37
2021-04-11,27.812,26.79,28.471,25.726,,3.81
2021-04-12,28.547,27.812,29.45,27.043,,2.64
2021-04-13,27.75,28.547,29.5,25.274,,-2.79
2021-04-14,26.465,27.75,31.0,24.962,,-4.63
2021-04-15,27.001,26.465,27.626,25.4,,2.03
2021-04-16,25.342,27.001,27.891,25.096,,-6.15
2021-04-17,25.096,25.342,26.497,25.096,,-0.97
2021-04-18,28.3,25.096,32.98,22.698,,12.77
2021-04-19,28.8,28.3,35.497,28.3,,1.77
2021-04-20,31.752,28.8,32.232,26.0,,10.25
2021-04-21,32.536,31.752,34.819,30.549,,2.47
2021-04-22,39.015,32.536,40.262,32.536,,19.91
2021-04-23,36.006,39.015,41.0,31.0,,-7.71
2021-04-24,40.849,36.006,42.06,35.135,,13.45
2021-04-25,47.466,40.849,48.085,40.0,,16.2
2021-04-26,44.5,47.466,48.36,43.504,,-6.25
2021-04-27,43.253,44.5,46.167,42.83,,-2.8
2021-04-28,44.97,43.253,46.245,41.448,,3.97
2021-04-29,42.637,44.97,45.365,41.762,,-5.19
2021-04-30,42.586,42.614,42.614,42.586,,-0.12
2021-05-01,49.61,42.967,49.61,42.967,295740.0,16.49
2021-05-02,46.913,49.61,49.61,46.913,306790.0,-5.44
2021-05-03,45.904,46.913,46.913,45.904,297970.0,-2.15
2021-05-04,42.705,45.904,45.904,42.705,280590.0,-6.97
2021-05-05,44.883,42.705,44.883,42.705,285330.0,5.1
2021-05-06,43.446,44.883,44.883,43.446,276990.0,-3.2
2021-05-07,43.001,43.446,43.446,43.001,284870.0,-1.02
2021-05-08,45.674,43.001,45.674,43.001,267700.0,6.21
2021-05-09,44.304,45.674,45.674,44.304,301310.0,-3.0
2021-05-10,42.829,44.304,44.304,42.829,297730.0,-3.33
2021-05-11,44.622,42.829,44.622,40.555,287060.0,4.19
2021-05-12,43.017,44.622,47.534,43.017,276940.0,-3.6
2021-05-13,40.233,43.017,44.49,40.233,115240.0,-6.47
2021-05-14,42.781,40.233,42.781,40.233,129820.0,6.33
2021-05-15,43.455,42.781,43.455,42.781,363070.0,1.58
2021-05-16,46.98,43.455,46.98,43.455,85000.0,8.11
2021-05-17,46.837,46.98,46.98,46.837,227850.0,-0.3
2021-05-18,56.083,46.837,56.083,46.837,303010.0,19.74
2021-05-19,35.698,56.083,56.083,35.698,328540.0,-36.35
2021-05-20,44.748,35.698,44.748,35.698,320880.0,25.35
2021-05-21,38.667,44.748,44.748,38.667,312460.0,-13.59
2021-05-22,31.272,38.667,38.667,31.272,513900.0,-19.12
2021-05-23,24.611,23.7,25.854,19.8,,-21.3
2021-05-24,30.637,24.611,32.08,24.611,,24.48
2021-05-25,29.944,30.637,32.604,26.383,,-2.26
2021-05-26,35.5,29.944,36.311,29.45,,18.55
2021-05-27,33.517,35.5,35.5,31.526,,-5.59
2021-05-28,29.087,33.517,34.075,28.513,,-13.22
2021-05-29,26.9,29.087,29.677,25.873,,-7.52
2021-05-30,28.519,26.9,29.485,25.825,,6.02
2021-05-31,32.724,28.519,32.812,27.0,,14.74
2021-06-01,31.002,32.724,32.741,30.246,,-5.26
2021-06-02,34.009,31.002,34.486,30.552,,9.7
2021-06-03,39.461,34.009,40.993,34.009,,16.03
2021-06-04,37.435,39.461,39.461,34.661,,-5.13
2021-06-05,39.559,37.435,42.252,37.435,,5.67
2021-06-06,42.209,39.559,43.208,39.092,,6.7
2021-06-07,38.272,42.209,43.91,38.272,,-9.33
2021-06-08,41.34,38.272,42.287,33.824,,8.02
2021-06-09,42.041,41.34,43.864,39.668,,1.7
2021-06-10,41.124,42.041,42.901,39.869,,-2.18
2021-06-11,36.012,41.124,41.124,35.5,,-12.43
2021-06-12,36.402,36.012,37.5,34.453,,1.08
2021-06-13,38.806,36.402,39.18,35.316,,6.6
2021-06-14,39.703,38.806,40.168,36.931,,2.31
2021-06-15,39.592,39.703,41.339,39.554,,-0.28
2021-06-16,39.334,39.592,40.925,37.78,,-0.65
2021-06-17,39.4,39.334,41.317,38.472,,0.17
2021-06-18,36.65,38.824,39.216,35.515,,-6.98
2021-06-19,35.283,36.65,37.062,35.097,,-3.73
2021-06-20,35.32,35.283,35.701,31.5,,0.1
2021-06-21,26.601,35.32,35.799,26.08,,-24.69
2021-06-22,26.685,26.601,28.233,20.472,,0.32
2021-06-23,30.855,26.685,32.09,26.042,,15.63
2021-06-24,31.245,30.855,32.446,28.678,,1.26
2021-06-25,28.797,31.245,32.684,28.53,,-7.83
2021-06-26,29.554,28.797,29.878,26.998,,2.63
2021-06-27,31.821,29.554,31.821,29.428,,7.67
2021-06-28,32.99,31.821,33.745,31.155,,3.67
2021-06-29,33.885,32.99,35.5,32.834,,2.71
2021-06-30,35.536,33.885,35.861,31.315,,4.87
2021-07-01,33.375,35.536,36.115,32.0,,-6.08
2021-07-02,34.0,33.375,34.0,31.655,,1.87
2021-07-03,34.801,34.0,35.261,33.357,,2.36
2021-07-04,34.36,35.055,35.295,34.299,,-1.27
2021-07-05,32.966,34.36,34.36,32.594,,-4.06
2021-07-06,33.643,32.966,34.443,32.966,,2.05
2021-07-07,36.537,34.196,37.904,34.196,,8.6
2021-07-08,32.902,36.537,36.772,32.864,,-9.95
2021-07-09,33.364,33.258,34.381,32.287,,1.4
2021-07-10,31.73,33.364,34.192,31.1,,-4.9
2021-07-11,32.115,31.73,32.454,31.464,,1.21
2021-07-12,30.88,32.115,32.6,30.102,,-3.85
2021-07-13,29.052,30.88,30.995,29.0,,-5.92
2021-07-14,31.259,29.052,31.393,27.513,,7.6
2021-07-15,28.456,31.259,31.426,28.08,,-8.97
2021-07-16,26.307,28.456,29.401,26.274,,-7.55
2021-07-17,26.715,26.307,27.745,26.035,,1.55
2021-07-18,26.726,26.715,27.725,26.34,,0.04
2021-07-19,24.495,26.726,26.726,24.059,,-8.35
2021-07-20,23.482,24.495,24.912,22.23,,-4.14
2021-07-21,26.641,23.482,27.353,22.846,,13.45
2021-07-22,27.748,26.641,28.05,26.003,,4.16
2021-07-23,28.47,27.748,28.655,26.42,,2.6
2021-07-24,28.72,28.47,29.4,28.328,,0.88
2021-07-25,28.133,27.868,28.133,26.595,,-2.04
2021-07-26,28.251,28.133,31.039,27.952,,0.42
2021-07-27,28.018,28.251,28.886,27.0,,-0.82
2021-07-28,27.857,28.018,28.62,27.5,,-0.57
2021-07-29,31.268,27.857,31.912,27.374,,12.24
2021-07-30,32.356,31.268,33.009,30.086,,3.48
2021-07-31,36.709,32.356,36.796,31.8,,13.45
2021-08-01,34.276,36.709,36.752,33.5,,-6.63
2021-08-02,33.169,34.276,35.837,33.098,,-3.23
2021-08-03,33.96,33.169,35.762,32.2,,2.38
2021-08-04,35.706,33.96,36.6,33.326,,5.14
2021-08-05,37.408,35.706,38.169,35.596,,4.77
2021-08-06,39.497,37.408,40.362,35.75,,5.58
2021-08-07,39.426,39.497,40.405,37.633,,-0.18
2021-08-08,37.668,39.426,39.494,36.972,,-4.46
2021-08-09,38.722,37.668,39.925,36.304,,2.8
2021-08-10,40.596,38.722,41.686,38.278,,4.84
2021-08-11,41.792,40.596,43.631,40.596,,2.95
2021-08-12,41.1,41.792,43.323,39.433,,-1.66
2021-08-13,44.821,41.1,44.821,40.785,,9.05
2021-08-14,44.043,44.821,44.821,42.828,,-1.74
2021-08-15,53.714,44.043,54.59,43.462,,21.96
2021-08-16,62.137,53.714,68.743,52.451,,15.68
2021-08-17,64.0,62.137,100.0,59.998,,3.0
2021-08-18,72.578,64.0,80.483,60.019,,13.4
2021-08-19,72.7,72.578,75.307,68.771,,0.17
2021-08-20,78.714,72.7,79.9,70.987,,8.27
2021-08-21,73.907,78.714,81.953,72.715,,-6.11
2021-08-22,72.846,73.907,77.507,71.54,,-1.44
2021-08-23,75.553,72.846,77.846,71.719,,3.72
2021-08-24,70.671,75.553,79.343,68.486,,-6.46
2021-08-25,72.056,70.671,72.535,66.35,,1.96
2021-08-26,75.169,72.056,78.051,66.372,,4.32
2021-08-27,87.97,75.169,88.76,73.179,,17.03
2021-08-28,96.72,87.97,97.71,85.731,,9.95
2021-08-29,94.2,96.72,97.84,90.623,,-2.61
2021-08-30,110.241,94.2,116.25,93.8,,17.03
2021-08-31,108.32,110.241,130.03,103.58,,-1.74
2021-09-01,111.06,108.32,119.5,106.18,,2.53
2021-09-02,128.071,111.06,131.8,109.67,,15.32
2021-09-03,146.14,128.071,148.89,128.071,,14.11
2021-09-04,139.09,146.14,150.67,136.12,,-4.82
2021-09-05,142.13,139.09,145.14,135.14,,2.19
2021-09-06,164.17,142.13,165.859,137.39,,15.51
2021-09-07,173.03,164.59,195.0,130.0,,5.4
2021-09-08,190.69,173.03,198.04,146.53,,10.21
2021-09-09,192.1,190.69,215.511,182.0,,0.74
2021-09-10,179.15,192.1,197.1,170.0,,-6.74
2021-09-11,178.35,179.15,192.93,175.551,,-0.45
2021-09-12,174.37,178.35,181.5,170.81,,-2.23
2021-09-13,169.47,174.37,175.0,150.54,12520000.0,-2.81
2021-09-14,158.0,169.47,171.54,143.2,12220000.0,-6.77
2021-09-15,158.619,158.507,166.246,154.057,8720000.0,0.39
2021-09-16,152.211,158.648,163.008,147.493,6800000.0,-4.04
2021-09-17,147.416,152.215,153.253,134.717,11390000.0,-3.15
2021-09-18,169.399,147.447,171.309,144.269,12190000.0,14.91
2021-09-19,152.704,169.289,170.852,150.914,7320000.0,-9.86
2021-09-20,132.502,152.742,153.305,131.023,14720000.0,-13.23
2021-09-21,123.881,132.701,144.496,116.135,14260000.0,-6.51
2021-09-22,148.048,123.967,151.446,122.272,12060000.0,19.51
2021-09-23,149.87,148.013,152.31,143.083,7400000.0,1.23
2021-09-24,139.268,149.945,151.009,128.404,9670000.0,-7.07
2021-09-25,136.086,139.257,143.961,133.589,4380000.0,-2.28
2021-09-26,135.753,136.075,140.609,124.982,5830000.0,-0.25
2021-09-27,136.374,135.724,148.787,133.766,6920000.0,0.46
2021-09-28,132.104,136.372,139.386,128.21,5250000.0,-3.13
2021-09-29,135.283,132.222,140.002,131.232,5310000.0,2.41
2021-09-30,141.36,135.294,142.798,134.131,4830000.0,4.49
2021-10-01,161.623,141.366,164.871,138.352,8960000.0,14.33
2021-10-02,169.08,161.623,174.889,156.773,6760000.0,4.61
2021-10-03,172.745,169.074,177.359,165.891,5560000.0,2.17
2021-10-04,167.116,173.021,173.021,162.503,5750000.0,-3.26
2021-10-05,164.619,167.121,170.109,160.188,4880000.0,-1.49
2021-10-06,153.895,164.617,165.357,150.266,6640000.0,-6.51
2021-10-07,154.209,153.883,161.162,150.53,4960000.0,0.2
2021-10-08,158.589,154.215,168.79,152.576,5410000.0,2.84
2021-10-09,156.755,158.631,161.41,154.685,2870000.0,-1.16
2021-10-10,147.738,156.778,158.478,145.953,2910000.0,-5.75
2021-10-11,144.889,147.698,153.983,140.464,3590000.0,-1.93
2021-10-12,152.518,144.858,153.403,137.73,5650000.0,5.27
2021-10-13,148.125,152.496,155.406,144.419,3930000.0,-2.88
2021-10-14,149.98,148.056,155.501,147.308,3800000.0,1.25
2021-10-15,163.171,150.02,165.347,146.991,7130000.0,8.79
2021-10-16,157.403,163.157,164.702,156.736,2650000.0,-3.53
2021-10-17,160.077,157.416,167.492,153.364,4000000.0,1.7
2021-10-18,157.217,160.097,162.92,155.015,3010000.0,-1.79
2021-10-19,155.857,157.189,159.393,153.148,2520000.0,-0.87
2021-10-20,176.81,155.857,176.81,155.21,5430000.0,13.44
2021-10-21,190.429,176.805,193.871,176.805,11010000.0,7.7
2021-10-22,196.174,190.428,214.972,188.115,11750000.0,3.02
2021-10-23,197.776,196.267,205.692,192.486,4620000.0,0.82
2021-10-24,202.394,197.765,204.825,185.385,5120000.0,2.34
2021-10-25,209.698,202.259,218.939,198.189,6890000.0,3.61
2021-10-26,199.744,209.714,213.993,196.706,4860000.0,-4.75
2021-10-27,184.397,199.866,205.465,178.226,7410000.0,-7.68
2021-10-28,194.659,184.451,201.385,181.906,5360000.0,5.57
2021-10-29,200.224,194.795,204.975,194.684,3750000.0,2.86
2021-10-30,195.813,200.262,200.489,187.531,2500000.0,-2.2
2021-10-31,202.573,195.806,204.991,185.688,3640000.0,3.45
2021-11-01,203.454,202.565,211.495,198.093,4780000.0,0.44
2021-11-02,220.678,203.471,222.222,201.147,4460000.0,8.47
2021-11-03,243.272,220.764,246.379,216.067,7930000.0,10.24
2021-11-04,247.144,243.113,250.208,234.909,5460000.0,1.59
2021-11-05,236.147,247.15,248.256,230.598,3430000.0,-4.45
2021-11-06,258.477,236.119,259.861,234.879,4440000.0,9.46
2021-11-07,249.644,258.48,258.581,245.752,2960000.0,-3.42
2021-11-08,248.419,249.673,253.269,240.742,3750000.0,-0.49
2021-11-09,239.027,248.376,253.164,237.809,3520000.0,-3.78
2021-11-10,233.686,239.041,247.956,217.998,4790000.0,-2.23
2021-11-11,233.576,233.635,246.427,229.543,3190000.0,-0.05
2021-11-12,228.551,233.498,238.996,220.997,3360000.0,-2.15
2021-11-13,241.684,228.551,241.939,225.006,2430000.0,5.75
2021-11-14,238.667,241.659,241.925,230.506,1960000.0,-1.25
2021-11-15,238.187,238.679,246.211,234.454,3030000.0,-0.2
2021-11-16,219.062,238.213,238.213,214.824,4300000.0,-8.03
2021-11-17,218.918,219.048,221.947,210.105,3630000.0,-0.07
2021-11-18,195.164,218.932,222.755,187.176,5620000.0,-10.85
2021-11-19,215.274,195.145,219.691,189.571,4450000.0,10.3
2021-11-20,217.833,215.282,221.152,206.068,2470000.0,1.19
2021-11-21,231.414,217.824,235.389,210.695,3150000.0,6.23
2021-11-22,215.854,231.41,231.983,211.95,3970000.0,-6.72
2021-11-23,221.885,215.839,226.021,211.232,2650000.0,2.79
2021-11-24,205.877,221.837,222.244,200.225,3120000.0,-7.21
2021-11-25,209.952,205.854,216.366,202.028,2900000.0,1.98
2021-11-26,191.991,210.017,210.417,183.084,4570000.0,-8.55
2021-11-27,193.061,192.184,199.403,190.811,1930000.0,0.56
2021-11-28,200.854,192.976,201.979,181.285,2670000.0,4.04
2021-11-29,204.135,200.85,212.787,199.789,2820000.0,1.63
2021-11-30,208.423,204.139,218.252,199.78,3650000.0,2.1
2021-12-01,229.829,208.486,232.452,207.999,4500000.0,10.27
2021-12-02,233.785,229.862,243.069,220.15,4760000.0,1.72
2021-12-03,212.047,233.765,239.426,205.628,4840000.0,-9.3
2021-12-04,201.088,211.854,212.584,175.186,6980000.0,-5.17
2021-12-05,196.444,201.093,204.309,182.027,4190000.0000000005,-2.31
2021-12-06,193.963,196.475,197.646,176.649,4880000.0,-1.26
2021-12-07,190.236,193.874,204.025,187.958,3680000.0,-1.92
2021-12-08,194.596,190.226,196.235,184.001,3380000.0,2.29
2021-12-09,181.363,194.624,196.636,178.746,3010000.0,-6.8
2021-12-10,167.596,181.267,184.44,167.446,3200000.0,-7.59
2021-12-11,171.728,167.475,173.801,161.587,2800000.0,2.47
2021-12-12,172.924,172.204,176.854,167.728,1770000.0,0.7
2021-12-13,155.203,172.906,172.951,148.384,4690000.0,-10.25
2021-12-14,161.299,155.259,162.906,149.821,3910000.0,3.93
2021-12-15,178.506,161.303,182.59,157.183,5550000.0,10.67
2021-12-16,176.904,178.522,189.008,174.478,3940000.0,-0.9
2021-12-17,175.586,176.926,182.357,168.149,3770000.0,-0.75
2021-12-18,182.861,175.562,184.272,171.065,1980000.0,4.14
2021-12-19,180.125,182.822,189.16,178.573,1930000.0,-1.5
2021-12-20,173.785,179.956,181.085,168.5,2630000.0,-3.52
2021-12-21,179.745,173.862,182.392,170.286,2400000.0,3.43
2021-12-22,178.406,179.736,187.539,177.145,2800000.0,-0.75
2021-12-23,190.047,178.411,193.442,175.77,2930000.0,6.53
2021-12-24,190.285,190.075,197.422,184.463,2800000.0,0.13
2021-12-25,193.127,190.493,195.052,189.224,1780000.0,1.49
2021-12-26,197.754,193.019,200.537,190.376,2190000.0,2.4
2021-12-27,195.645,197.801,204.712,194.865,1900000.0,-1.07
2021-12-28,177.151,195.602,195.602,176.793,3640000.0,-9.45
2021-12-29,170.626,177.191,180.581,170.434,2590000.0,-3.68
2021-12-30,172.482,170.602,175.697,168.382,1860000.0,1.09
2021-12-31,169.985,172.509,177.604,167.773,2049999.9999999998,-1.45
2022-01-01,179.068,169.985,179.176,169.985,1300000.0,5.34
2022-01-02,176.367,179.083,179.496,174.428,1080000.0,-1.51
2022-01-03,170.039,176.354,176.443,166.897,1650000.0,-3.59
2022-01-04,167.767,170.084,173.867,166.56,1650000.0,-1.34
2022-01-05,154.54,167.753,171.253,145.013,3090000.0,-7.88
2022-01-06,150.336,154.483,154.721,146.344,2910000.0,-2.72
2022-01-07,136.405,150.336,150.65,133.973,4690000.0,-9.27
2022-01-08,142.033,136.388,148.026,133.283,4179999.9999999995,4.13
2022-01-09,140.755,142.033,145.664,137.89,2210000.0,-0.9
2022-01-10,135.964,140.787,143.741,130.147,3300000.0,-3.4
2022-01-11,140.209,135.873,143.456,133.626,2410000.0,3.12
2022-01-12,151.437,140.209,153.119,138.286,3210000.0,8.01
2022-01-13,146.061,151.53,157.712,145.59,3040000.0,-3.55
2022-01-14,146.162,146.096,150.584,142.044,2350000.0,0.07
2022-01-15,147.677,146.158,149.524,144.147,1520000.0,1.04
2022-01-16,147.954,147.66,151.918,146.174,1520000.0,0.19
2022-01-17,139.824,148.016,148.26,137.144,2130000.0,-5.49
2022-01-18,141.282,139.832,142.598,134.454,2040000.0,1.04
2022-01-19,135.276,141.337,142.663,132.969,2049999.9999999998,-4.25
2022-01-20,127.672,135.31,143.831,126.537,2500000.0,-5.62
2022-01-21,112.362,127.639,128.651,106.543,8180000.0,-11.99
2022-01-22,94.665,112.312,114.048,88.48,10270000.0,-15.75
2022-01-23,99.766,94.679,104.673,93.326,5640000.0,5.39
2022-01-24,91.784,99.77,99.835,80.919,10990000.0,-8.0
2022-01-25,94.704,91.849,99.882,87.585,5830000.0,3.18
2022-01-26,91.905,94.704,103.487,89.487,7290000.0,-2.96
2022-01-27,89.422,91.905,94.404,85.887,5830000.0,-2.7
2022-01-28,91.318,89.513,93.526,87.338,4590000.0,2.12
2022-01-29,96.186,91.375,98.676,90.709,3440000.0,5.33
2022-01-30,93.385,96.029,97.461,91.471,2130000.0,-2.91
2022-01-31,99.627,93.418,101.346,89.264,4260000.0,6.68
2022-02-01,109.981,99.515,113.498,99.172,7110000.0,10.39
2022-02-02,101.908,109.981,112.266,97.121,7800000.0,-7.34
2022-02-03,101.675,101.97,103.073,94.207,5880000.0,-0.23
2022-02-04,112.401,101.827,112.71,100.388,6260000.0,10.55
2022-02-05,113.912,112.401,118.52,110.34,4099999.9999999995,1.35
2022-02-06,115.286,113.912,115.987,111.723,2290000.0,1.21
2022-02-07,117.512,115.286,121.836,112.906,4360000.0,1.93
2022-02-08,113.293,117.512,120.152,109.887,4410000.0,-3.59
2022-02-09,113.991,113.293,117.005,109.581,3200000.0,0.62
2022-02-10,106.19,113.991,114.93,105.816,4139999.9999999995,-6.84
2022-02-11,96.483,106.17,108.103,95.307,4500000.0,-9.14
2022-02-12,95.891,96.483,99.75,93.254,2760000.0,-0.61
2022-02-13,92.811,95.97,97.273,91.447,1950000.0,-3.21
2022-02-14,96.458,92.811,97.762,91.058,2990000.0,3.93
2022-02-15,105.352,96.458,105.606,96.388,3600000.0,9.22
2022-02-16,101.763,105.352,105.558,98.315,3240000.0,-3.41
2022-02-17,93.591,101.763,102.74,92.411,3050000.0,-8.03
2022-02-18,89.96,93.591,96.334,89.474,3020000.0,-3.88
2022-02-19,91.264,89.92,92.553,88.76,1830000.0,1.45
2022-02-20,90.6,91.264,93.808,85.878,3610000.0,-0.73
2022-02-21,82.879,90.693,95.988,82.806,5640000.0,-8.52
2022-02-22,86.413,82.879,87.38,81.16,4220000.0,4.26
2022-02-23,84.431,86.413,93.211,84.431,4590000.0,-2.29
2022-02-24,89.409,84.514,92.837,75.693,10390000.0,5.9
2022-02-25,92.778,89.409,94.995,87.035,5310000.0,3.77
2022-02-26,90.13,92.778,94.877,89.366,3180000.0,-2.85
2022-02-27,85.607,90.13,92.147,84.19,3630000.0,-5.02
2022-02-28,99.705,85.607,102.146,84.25,6160000.0,16.47
2022-03-01,98.63,99.705,101.807,94.434,5560000.0,-1.08
2022-03-02,100.702,98.63,106.335,96.899,6190000.0,2.1
2022-03-03,95.649,100.702,101.669,94.138,3740000.0,-5.02
2022-03-04,88.275,95.649,96.85,87.088,386320000.0,-7.71
2022-03-05,89.623,88.288,91.141,86.014,204270000.0,1.53
2022-03-06,84.538,89.633,89.894,84.164,230660000.0,-5.67
2022-03-07,81.786,84.549,86.564,80.054,363890000.0,-3.26
2022-03-08,82.308,81.66,84.99,81.345,306260000.0,0.64
2022-03-09,88.089,82.284,89.792,81.961,397720000.0,7.02
2022-03-10,82.871,88.089,88.555,80.766,314870000.0,-5.92
2022-03-11,80.665,82.872,84.275,80.106,272330000.0,-2.66
2022-03-12,81.402,80.665,82.706,80.595,140500000.0,0.91
2022-03-13,78.858,81.412,83.075,77.774,204300000.0,-3.13
2022-03-14,81.223,78.706,82.242,78.038,237210000.0,3.0
2022-03-15,82.85,81.226,85.84,78.887,236410000.0,2.0
2022-03-16,87.795,82.85,87.958,81.54,300400000.0,5.97
2022-03-17,87.813,87.796,90.985,86.667,320920000.0,0.02
2022-03-18,89.792,87.827,92.187,84.514,358910000.0,2.25
2022-03-19,92.435,89.789,94.538,89.265,93620000.0,2.94
2022-03-20,88.606,92.396,92.584,87.987,48970000.0,-4.14
2022-03-21,88.62,88.607,91.287,86.834,61340000.0,0.02
2022-03-22,90.424,88.61,93.956,88.024,64129999.99999999,2.04
2022-03-23,94.924,90.462,96.285,89.296,88020000.0,4.98
2022-03-24,102.35,94.915,103.718,93.497,116970000.0,7.82
2022-03-25,98.649,102.392,104.885,97.124,88340000.0,-3.62
2022-03-26,101.804,98.65,103.337,97.711,52440000.0,3.2
2022-03-27,107.093,101.804,107.42,98.85,59870000.0,5.2
2022-03-28,105.689,107.093,113.871,105.257,136070000.0,-1.31
2022-03-29,111.709,105.864,115.688,105.572,143960000.0,5.7
2022-03-30,120.727,111.708,125.149,107.203,222820000.0,8.07
2022-03-31,122.919,120.824,129.547,119.991,219280000.0,1.82
2022-04-01,134.599,122.856,138.377,117.9,223970000.0,9.5
2022-04-02,132.376,134.547,143.488,131.648,144800000.0,-1.65
2022-04-03,136.804,132.4,141.046,130.744,117060000.0,3.34
2022-04-04,132.132,136.831,138.224,125.913,129190000.0,-3.41
2022-04-05,126.784,132.113,136.566,126.179,105880000.0,-4.05
2022-04-06,112.99,126.759,127.368,112.077,218620000.0,-10.88
2022-04-07,118.577,112.997,119.914,110.897,168610000.0,4.94
2022-04-08,110.009,118.575,122.375,108.168,139830000.0,-7.23
2022-04-09,112.812,109.98,113.602,108.309,72320000.0,2.55
2022-04-10,111.044,112.895,115.99,109.808,63540000.0,-1.57
2022-04-11,99.532,111.15,111.924,98.289,134480000.0,-10.37
2022-04-12,103.181,99.636,109.214,98.437,125780000.0,3.67
2022-04-13,104.88,103.184,105.924,100.134,93360000.0,1.65
2022-04-14,100.744,104.902,107.673,98.88,85650000.0,-3.94
2022-04-15,101.407,100.777,102.871,99.59,53650000.0,0.66
2022-04-16,102.118,101.387,103.465,100.787,35830000.0,0.7
2022-04-17,100.296,102.108,105.445,99.732,63710000.0,-1.78
2022-04-18,102.304,100.225,102.628,94.834,103840000.0,2.0
2022-04-19,108.576,102.295,108.824,101.146,80810000.0,6.13
2022-04-20,105.55,108.604,110.868,104.368,97190000.0,-2.79
2022-04-21,101.757,105.553,109.963,100.029,105020000.0,-3.59
2022-04-22,100.533,101.735,103.541,99.255,84800000.0,-1.2
2022-04-23,100.583,100.531,102.823,98.418,62480000.0,0.05
2022-04-24,99.227,100.583,102.248,98.718,68600000.0,-1.35
2022-04-25,101.007,99.223,101.558,94.472,100050000.0,1.79
2022-04-26,95.683,100.973,101.972,94.672,76600000.0,-5.27
2022-04-27,98.324,95.729,100.644,94.92,87270000.0,2.76
2022-04-28,98.233,98.324,100.534,96.389,96830000.0,-0.09
2022-04-29,93.915,98.233,98.621,92.402,97130000.0,-4.4
2022-04-30,84.757,93.915,94.913,81.888,83420000.0,-9.75
2022-05-01,89.681,84.772,93.113,84.178,83450000.0,5.81
2022-05-02,87.462,89.741,90.766,85.095,102990000.0,-2.47
2022-05-03,85.833,87.463,88.765,84.656,71860000.0,-1.86
2022-05-04,92.792,85.821,93.01,85.434,121570000.0,8.11
2022-05-05,84.438,92.765,95.139,82.231,156600000.0,-9.0
2022-05-06,81.639,84.461,84.727,79.949,145420000.0,-3.32
2022-05-07,78.841,81.643,82.252,77.227,80910000.0,-3.43
2022-05-08,75.317,78.841,79.337,73.781,109880000.0,-4.47
2022-05-09,61.967,75.308,77.187,61.967,9110000.0,-17.73
2022-05-10,66.673,61.967,73.983,60.495,11810000.0,7.59
2022-05-11,50.647,66.69,68.31,43.394,17770000.0,-24.04
2022-05-12,44.622,50.605,53.955,37.342,19240000.0,-11.9
2022-05-13,48.832,44.636,56.151,43.895,12830000.0,9.43
2022-05-14,52.318,48.853,53.387,46.03,6990000.0,7.14
2022-05-15,58.664,52.312,59.243,49.692,5650000.0,12.13
2022-05-16,53.643,58.673,58.806,51.951,7550000.0,-8.56
2022-05-17,57.056,53.654,58.188,53.187,6100000.0,6.36
2022-05-18,49.91,57.064,57.816,49.543,6700000.0,-12.52
2022-05-19,52.167,49.91,53.92,48.299,7260000.0,4.52
2022-05-20,49.414,52.15,53.55,47.879,7130000.0,-5.28
2022-05-21,50.293,49.414,51.186,48.596,3000000.0,1.78
2022-05-22,52.46,50.293,53.126,49.675,3780000.0,4.31
2022-05-23,49.094,52.468,54.629,48.67,6220000.0,-6.42
2022-05-24,49.659,49.1,50.78,47.216,6240000.0,1.15
2022-05-25,47.961,49.655,50.472,47.602,4840000.0,-3.42
2022-05-26,43.369,47.961,48.624,41.846,10120000.0,-9.57
2022-05-27,41.076,43.404,43.889,40.053,11560000.0,-5.29
2022-05-28,44.245,41.083,44.931,40.324,6160000.0,7.72
2022-05-29,44.96,44.263,45.533,41.824,6940000.0,1.62
2022-05-30,47.206,44.967,48.217,44.267,8289999.999999999,5.0
2022-05-31,45.718,47.206,48.17,44.666,7320000.0,-3.15
2022-06-01,40.1,45.722,46.097,39.691,7750000.0,-12.29
2022-06-02,40.864,40.1,41.546,38.156,8189999.999999999,1.9
2022-06-03,38.265,40.856,41.512,37.701,7120000.0,-6.36
2022-06-04,38.953,38.265,39.212,35.818,5920000.0,1.8
2022-06-05,38.523,38.956,40.152,37.843,5360000.0,-1.1
2022-06-06,42.387,38.523,44.606,38.358,10620000.0,10.03
2022-06-07,39.321,42.387,42.479,37.543,11300000.0,-7.23
2022-06-08,38.805,39.33,40.83,38.307,6280000.0,-1.31
2022-06-09,39.948,38.82,41.824,38.456,6660000.0,2.94
2022-06-10,37.119,39.948,40.842,36.896,6720000.0,-7.08
2022-06-11,33.874,37.149,37.9,33.24,6890000.0,-8.74
2022-06-12,30.62,33.89,34.244,30.611,9840000.0,-9.61
2022-06-13,28.405,30.605,30.999,26.06,20800000.0,-7.23
2022-06-14,29.633,28.507,32.104,25.966,16970000.0,4.32
2022-06-15,34.708,29.6,34.769,26.798,17960000.0,17.12
2022-06-16,30.086,34.728,35.763,29.557,14600000.0,-13.32
2022-06-17,30.667,30.086,32.091,29.264,8790000.0,1.93
2022-06-18,31.95,30.687,31.98,27.184,12440000.0,4.18
2022-06-19,34.209,31.965,35.23,28.929,11860000.0,7.07
2022-06-20,35.265,34.207,36.793,31.751,11210000.0,3.09
2022-06-21,36.247,35.268,38.956,34.246,10240000.0,2.78
2022-06-22,34.082,36.302,36.82,33.665,9230000.0,-5.97
2022-06-23,38.15,34.091,38.482,34.01,9780000.0,11.94
2022-06-24,41.896,38.15,42.846,37.743,9140000.0,9.82
2022-06-25,42.26,41.889,42.613,39.776,5850000.0,0.87
2022-06-26,39.411,42.225,42.46,39.221,5850000.0,-6.74
2022-06-27,38.444,39.401,41.174,37.93,6140000.0,-2.45
2022-06-28,35.315,38.444,39.878,35.146,8060000.000000001,-8.14
2022-06-29,34.003,35.328,36.027,33.16,8770000.0,-3.72
2022-06-30,33.749,34.003,34.137,30.991,8570000.0,-0.75
2022-07-01,32.846,33.741,35.332,31.87,9360000.0,-2.67
2022-07-02,33.348,32.843,34.018,31.902,3950000.0,1.53
2022-07-03,33.397,33.348,33.632,32.178,3240000.0,0.15
2022-07-04,36.706,33.397,36.893,32.475,5670000.0,9.91
2022-07-05,35.411,36.707,36.932,33.173,8870000.0,-3.53
2022-07-06,37.037,35.411,37.563,34.843,7480000.0,4.59
2022-07-07,38.484,37.037,39.266,36.417,6020000.0,3.91
2022-07-08,38.134,38.49,39.531,36.504,7380000.0,-0.91
2022-07-09,38.07,38.146,38.847,37.802,3090000.0,-0.17
2022-07-10,36.69,38.07,38.101,36.327,3040000.0,-3.62
2022-07-11,33.448,36.69,36.697,33.262,4790000.0,-8.84
2022-07-12,32.667,33.448,34.58,32.611,4740000.0,-2.34
2022-07-13,34.937,32.674,35.02,31.942,7130000.0,6.95
2022-07-14,37.132,34.957,37.273,33.621,8020000.0,6.29
2022-07-15,37.367,37.139,39.02,36.586,6750000.0,0.63
2022-07-16,39.6,37.367,40.372,36.374,5900000.0,5.98
2022-07-17,38.557,39.603,41.064,38.336,5780000.0,-2.63
2022-07-18,43.578,38.589,44.02,38.574,9240000.0,13.02
2022-07-19,44.89,43.578,47.255,42.608,11610000.0,3.01
2022-07-20,42.04,44.89,46.26,41.383,10210000.0,-6.35
2022-07-21,43.131,42.051,44.03,39.7,9870000.0,2.6
2022-07-22,40.539,43.131,44.285,40.056,7010000.0,-6.01
2022-07-23,39.99,40.536,41.897,38.664,5160000.0,-1.35
2022-07-24,40.987,39.997,42.076,39.49,4630000.0,2.49
2022-07-25,36.661,40.973,41.077,36.6,6730000.0,-10.55
2022-07-26,36.27,36.643,36.806,34.707,6750000.0,-1.07
2022-07-27,40.259,36.267,40.484,35.697,8430000.0,11.0
2022-07-28,42.98,40.259,44.136,39.053,9910000.0,6.76
2022-07-29,41.909,42.986,44.309,41.231,7190000.0,-2.49
2022-07-30,43.837,41.909,46.562,41.494,7860000.0,4.6
2022-07-31,42.416,43.84,45.15,42.267,4710000.0,-3.24
2022-08-01,41.749,42.374,43.236,40.62,4830000.0,-1.57
2022-08-02,39.733,41.743,42.403,39.584,5200000.0,-4.83
2022-08-03,38.56,39.761,40.896,37.571,12440000.0,-2.95
2022-08-04,38.804,38.567,39.802,37.99,5840000.0,0.63
2022-08-05,40.573,38.807,41.29,38.733,5150000.0,4.56
2022-08-06,40.055,40.56,40.893,39.877,2310000.0,-1.28
2022-08-07,40.594,40.076,41.53,39.239,2550000.0,1.35
2022-08-08,42.23,40.603,43.664,40.57,5250000.0,4.03
2022-08-09,40.353,42.196,42.74,39.841,4150000.0000000005,-4.44
2022-08-10,42.462,40.353,42.725,39.167,6410000.0,5.23
2022-08-11,42.757,42.462,45.263,42.363,7680000.0,0.7
2022-08-12,45.439,42.762,45.477,42.173,4910000.0,6.27
2022-08-13,46.569,45.446,48.341,45.289,6810000.0,2.49
2022-08-14,44.876,46.566,48.019,44.489,4980000.0,-3.64
2022-08-15,43.71,44.87,47.192,42.777,6250000.0,-2.6
2022-08-16,43.127,43.713,44.296,42.595,5080000.0,-1.33
2022-08-17,40.519,43.1,44.684,40.209,6810000.0,-6.05
2022-08-18,39.495,40.519,41.654,39.443,4610000.0,-2.53
2022-08-19,35.844,39.488,39.573,35.435,10310000.0,-9.25
2022-08-20,35.28,35.876,37.254,34.294,6960000.0,-1.57
2022-08-21,36.458,35.28,37.013,34.587,5440000.0,3.34
2022-08-22,35.45,36.458,36.53,33.812,6220000.0,-2.77
2022-08-23,35.657,35.432,36.09,34.262,4210000.0,0.58
2022-08-24,34.896,35.653,36.362,34.317,4210000.0,-2.13
2022-08-25,35.29,34.892,36.47,34.886,3820000.0,1.13
2022-08-26,31.756,35.277,35.716,31.448,7560000.0,-10.01
2022-08-27,31.523,31.75,32.243,30.89,4380000.0,-0.73
2022-08-28,30.33,31.526,32.174,30.236,3290000.0,-3.79
2022-08-29,32.42,30.362,32.613,30.03,5710000.0,6.89
2022-08-30,31.443,32.417,33.123,30.713,5400000.0,-3.01
2022-08-31,31.507,31.454,32.904,31.197,4120000.0,0.2
2022-09-01,31.603,31.507,31.766,30.486,3350000.0,0.31
2022-09-02,31.257,31.6,32.376,30.796,3460000.0,-1.1
2022-09-03,31.12,31.25,31.273,30.817,1330000.0,-0.44
2022-09-04,32.13,31.124,32.176,31.024,1880000.0,3.25
2022-09-05,32.157,32.151,32.485,31.16,2300000.0,0.08
2022-09-06,30.872,32.16,33.85,30.549,6340000.0,-3.99
2022-09-07,32.681,30.872,32.921,30.38,3570000.0,5.86
2022-09-08,33.603,32.697,33.88,32.037,4170000.0,2.82
2022-09-09,34.719,33.603,35.889,33.593,5480000.0,3.32
2022-09-10,35.055,34.683,35.402,34.28,2890000.0,0.97
2022-09-11,34.99,35.039,35.974,34.08,2940000.0,-0.19
2022-09-12,37.458,35.006,38.296,34.426,7160000.0,7.05
2022-09-13,32.996,37.453,38.916,32.976,8910000.0,-11.91
2022-09-14,34.113,32.996,34.326,32.763,4330000.0,3.39
2022-09-15,33.088,34.113,34.755,32.564,4830000.0,-3.0
2022-09-16,32.233,33.088,33.202,31.541,3290000.0,-2.58
2022-09-17,33.711,32.243,33.89,32.227,1930000.0,4.58
2022-09-18,31.1,33.695,33.987,30.875,3150000.0,-7.74
2022-09-19,32.623,31.103,33.033,30.637,4810000.0,4.9
2022-09-20,31.413,32.623,32.87,31.336,3610000.0,-3.71
2022-09-21,30.761,31.413,33.374,30.11,6190000.0,-2.08
2022-09-22,32.415,30.706,32.85,30.607,4080000.0,5.38
2022-09-23,33.67,32.417,33.95,31.257,5110000.0,3.87
2022-09-24,33.417,33.667,34.744,33.189,4450000.0,-0.75
2022-09-25,32.306,33.383,34.037,31.953,2880000.0,-3.33
2022-09-26,33.887,32.316,33.94,31.89,4840000.0,4.89
2022-09-27,32.69,33.887,35.352,32.128,6490000.0,-3.53
2022-09-28,33.213,32.69,33.78,31.677,4700000.0,1.6
2022-09-29,33.917,33.213,34.41,32.697,4290000.0,2.12
2022-09-30,33.243,33.921,35.173,32.661,6280000.0,-1.99
2022-10-01,32.443,33.246,33.246,32.4,2190000.0,-2.41
2022-10-02,32.064,32.437,33.01,31.932,2410000.0,-1.17
2022-10-03,32.888,32.064,33.251,31.797,3120000.0,2.57
2022-10-04,34.101,32.884,34.391,32.844,3120000.0,3.69
2022-10-05,34.04,34.101,34.364,33.229,3080000.0,-0.18
2022-10-06,33.369,34.036,34.494,33.254,3240000.0,-1.97
2022-10-07,32.98,33.356,33.769,32.452,3070000.0,-1.17
2022-10-08,32.576,32.97,33.07,32.398,1400000.0,-1.23
2022-10-09,32.923,32.584,33.134,32.444,1360000.0,1.07
2022-10-10,31.934,32.923,33.433,31.926,2450000.0,-3.01
2022-10-11,30.81,31.937,31.954,30.49,3060000.0,-3.52
2022-10-12,31.156,30.806,31.514,30.683,1630000.0,1.12
2022-10-13,30.507,31.156,31.2,27.983,6670000.0,-2.09
2022-10-14,30.004,30.507,31.967,29.643,3670000.0,-1.65
2022-10-15,29.588,30.0,30.197,29.454,1640000.0,-1.39
2022-10-16,30.167,29.594,30.506,29.576,1330000.0,1.96
2022-10-17,31.213,30.167,31.283,29.837,2480000.0,3.47
2022-10-18,30.14,31.213,31.47,29.803,3030000.0,-3.44
2022-10-19,28.857,30.14,30.24,28.766,2590000.0,-4.26
2022-10-20,28.037,28.857,29.463,27.997,3590000.0,-2.84
2022-10-21,28.103,28.031,28.283,26.864,4550000.0,0.24
2022-10-22,28.008,28.103,28.173,27.5,1810000.0,-0.34
2022-10-23,29.293,28.005,29.405,27.843,2880000.0,4.59
2022-10-24,28.3,29.295,29.472,28.178,3350000.0,-3.39
2022-10-25,30.887,28.302,32.28,28.053,6620000.0,9.14
2022-10-26,31.294,30.883,32.064,30.684,5510000.0,1.32
2022-10-27,30.596,31.303,32.243,30.486,5300000.0,-2.23
2022-10-28,32.053,30.59,32.524,30.13,4470000.0,4.76
2022-10-29,32.873,32.056,33.83,31.856,4910000.0,2.56
2022-10-30,32.933,32.873,33.533,31.994,2940000.0,0.18
2022-10-31,32.571,32.94,34.363,32.223,4820000.0,-1.1
2022-11-01,32.203,32.564,33.386,32.16,3010000.0,-1.13
2022-11-02,30.813,32.21,32.93,30.24,5040000.0,-4.32
2022-11-03,30.86,30.81,32.223,30.624,3300000.0,0.15
2022-11-04,33.737,30.86,34.183,30.667,6110000.0,9.32
2022-11-05,36.874,33.74,38.729,33.683,10200000.0,9.3
2022-11-06,32.627,36.893,37.035,32.408,6470000.0,-11.52
2022-11-07,29.599,32.627,33.105,28.445,13550000.0,-9.28
2022-11-08,24.314,29.616,31.512,21.003,40350000.0,-17.86
2022-11-09,14.016,24.335,24.344,12.445,50780000.0,-42.35
2022-11-10,17.638,14.016,18.805,13.193,41670000.0,25.84
2022-11-11,16.451,17.645,18.265,15.189,22280000.0,-6.73
2022-11-12,14.544,16.451,16.451,14.474,9720000.0,-11.59
2022-11-13,13.157,14.544,14.702,13.043,10920000.0,-9.54
2022-11-14,13.989,13.157,14.953,12.163,16920000.0,6.33
2022-11-15,14.315,13.989,15.05,13.832,10940000.0,2.33
2022-11-16,14.173,14.311,14.601,13.653,6170000.0,-0.99
2022-11-17,13.73,14.173,14.477,12.973,10010000.0,-3.13
2022-11-18,13.186,13.723,13.723,12.996,4880000.0,-3.96
2022-11-19,12.83,12.677,12.964,12.643,4320000.0,-2.7
2022-11-20,12.274,12.834,13.463,12.135,6630000.0,-4.33
2022-11-21,11.836,12.274,12.277,11.296,8000000.0,-3.57
2022-11-22,12.422,11.836,12.494,10.96,8810000.0,4.95
2022-11-23,14.362,12.429,14.438,12.403,12710000.0,15.62
2022-11-24,14.586,14.362,14.904,13.848,7880000.0,1.56
2022-11-25,14.01,14.586,14.59,13.912,4790000.0,-3.95
2022-11-26,14.166,14.014,14.92,13.976,4680000.0,1.12
2022-11-27,14.111,14.17,14.44,14.056,3610000.0,-0.39
2022-11-28,13.324,14.107,14.166,12.786,8100000.0,-5.58
2022-11-29,13.346,13.324,13.93,13.156,4340000.0,0.16
2022-11-30,14.157,13.35,14.285,13.273,6170000.0,6.07
2022-12-01,13.504,14.144,14.184,13.406,4019999.9999999995,-4.61
2022-12-02,13.713,13.51,13.783,13.337,4040000.0,1.55
2022-12-03,13.293,13.713,13.753,13.235,2630000.0,-3.07
2022-12-04,13.71,13.293,13.75,13.272,2440000.0,3.14
2022-12-05,13.823,13.707,14.165,13.6,5420000.0,0.82
2022-12-06,14.3,13.825,14.351,13.81,4870000.0,3.45
2022-12-07,13.493,14.3,14.324,13.47,4030000.0000000005,-5.64
2022-12-08,13.69,13.493,13.763,13.28,3130000.0,1.46
2022-12-09,13.58,13.69,14.007,13.51,3640000.0,-0.8
2022-12-10,13.577,13.58,13.7,13.543,1380000.0,-0.02
2022-12-11,13.423,13.577,13.79,13.397,1830000.0,-1.13
2022-12-12,13.314,13.42,13.48,12.831,4320000.0,-0.82
2022-12-13,13.883,13.314,14.106,12.78,6000000.0,4.28
2022-12-14,14.124,13.877,14.936,13.807,8270000.0,1.73
2022-12-15,14.046,14.124,14.5,13.88,4650000.0,-0.55
2022-12-16,12.276,14.04,14.164,12.021,8150000.0,-12.6
2022-12-17,12.505,12.281,12.535,11.94,4940000.0,1.86
2022-12-18,12.37,12.51,12.599,12.275,2570000.0,-1.08
2022-12-19,11.94,12.38,12.58,11.69,4970000.0,-3.48
2022-12-20,12.27,11.94,12.475,11.845,3770000.0,2.76
2022-12-21,12.14,12.265,12.28,11.905,3190000.0,-1.06
2022-12-22,11.81,12.14,12.185,11.684,3750000.0,-2.72
2022-12-23,11.785,11.81,12.105,11.725,3120000.0,-0.21
2022-12-24,11.45,11.781,11.79,11.205,4620000.0,-2.84
2022-12-25,11.385,11.45,11.55,11.25,1730000.0,-0.57
2022-12-26,11.339,11.39,11.485,11.102,2910000.0,-0.41
2022-12-27,11.09,11.339,11.43,10.732,5100000.0,-2.2
2022-12-28,9.76,11.09,11.11,9.48,13990000.0,-11.99
2022-12-29,9.658,9.76,9.928,8.085,20960000.0,-1.04
2022-12-30,9.895,9.647,10.121,9.029,23460000.0,2.45
2022-12-31,9.955,9.903,10.17,9.67,6790000.0,0.61
2023-01-01,10.0,9.955,10.08,9.705,4580000.0,0.45
2023-01-02,11.274,10.0,11.637,9.815,13250000.0,12.74
2023-01-03,13.37,11.274,13.646,11.018,22970000.0,18.59
2023-01-04,13.438,13.377,14.166,12.861,20700000.0,0.51
2023-01-05,13.42,13.442,13.85,12.954,9580000.0,-0.14
2023-01-06,13.52,13.42,13.576,12.74,9150000.0,0.75
2023-01-07,13.094,13.5,13.508,13.026,3280000.0,-3.15
2023-01-08,14.482,13.094,14.599,12.86,9870000.0,10.6
2023-01-09,16.266,14.446,17.453,14.304,31730000.0,12.32
2023-01-10,16.194,16.258,16.69,15.604,13990000.0,-0.44
2023-01-11,16.357,16.194,16.572,15.334,10450000.0,1.01
2023-01-12,16.6,16.365,16.93,15.714,14510000.0,1.48
2023-01-13,18.287,16.6,18.577,16.33,16309999.999999998,10.16
2023-01-14,24.247,18.287,24.641,18.206,39690000.0,32.59
2023-01-15,22.897,24.233,24.813,22.056,17060000.0,-5.57
2023-01-16,23.578,22.89,24.859,22.37,16390000.0,2.97
2023-01-17,22.87,23.578,23.936,22.779,9210000.0,-3.0
2023-01-18,20.849,22.87,23.577,20.534,16640000.0,-8.84
2023-01-19,21.42,20.849,21.836,20.44,9270000.0,2.74
2023-01-20,25.55,21.42,25.703,20.951,14860000.0,19.28
2023-01-21,24.547,25.55,26.424,24.547,19010000.0,-3.93
2023-01-22,24.222,24.55,25.413,23.666,10590000.0,-1.32
2023-01-23,24.316,24.222,24.884,23.901,9470000.0,0.39
2023-01-24,22.767,24.316,25.17,22.452,8780000.0,-6.37
2023-01-25,24.51,22.767,25.368,22.32,12130000.0,7.66
2023-01-26,24.349,24.51,25.197,23.897,7660000.0,-0.66
2023-01-27,24.42,24.349,24.917,23.441,7300000.0,0.29
2023-01-28,24.016,24.424,25.117,23.783,4720000.0,-1.66
2023-01-29,26.097,24.01,26.748,23.757,10700000.0,8.67
2023-01-30,23.966,26.103,26.305,23.395,10790000.0,-8.17
2023-01-31,23.923,23.966,24.4,23.507,5770000.0,-0.18
2023-02-01,24.986,23.923,25.19,22.54,10570000.0,4.44
2023-02-02,24.254,25.007,26.13,24.157,10400000.0,-2.93
2023-02-03,24.67,24.254,25.069,24.057,6790000.0,1.72
2023-02-04,24.35,24.67,24.933,24.253,2640000.0,-1.3
2023-02-05,23.464,24.35,24.452,23.048,6070000.0,-3.64
2023-02-06,22.652,23.464,23.722,22.536,4680000.0,-3.46
2023-02-07,23.825,22.652,23.937,22.568,6460000.0,5.18
2023-02-08,23.215,23.832,24.18,22.832,5160000.0,-2.56
2023-02-09,20.48,23.215,23.342,20.065,8530000.0,-11.78
2023-02-10,20.122,20.48,21.19,19.699,7250000.0,-1.75
2023-02-11,20.813,20.122,20.901,20.102,2610000.0,3.43
2023-02-12,21.502,20.813,22.364,20.63,5910000.0,3.31
2023-02-13,20.777,21.5,21.569,19.78,8570000.0,-3.37
2023-02-14,21.842,20.774,22.306,20.684,9760000.0,5.13
2023-02-15,23.88,21.84,23.93,21.462,7470000.0,9.33
2023-02-16,22.293,23.88,24.133,22.227,9340000.0,-6.65
2023-02-17,23.148,22.282,23.535,22.077,6070000.0,3.83
2023-02-18,23.453,23.148,23.905,22.932,3530000.0,1.32
2023-02-19,24.869,23.453,25.584,23.228,10600000.0,6.04
2023-02-20,26.245,24.86,27.043,24.214,13670000.0,5.53
2023-02-21,24.98,26.26,26.598,24.617,8790000.0,-4.82
2023-02-22,24.162,24.98,25.21,23.252,9480000.0,-3.27
2023-02-23,23.918,24.162,24.68,23.626,5590000.0,-1.01
2023-02-24,23.08,23.912,24.118,22.526,6200000.0,-3.5
2023-02-25,22.378,23.08,23.31,21.508,5470000.0,-3.04
2023-02-26,23.274,22.377,23.514,22.223,3560000.0,4.0
2023-02-27,22.677,23.274,23.4,22.337,5080000.0,-2.56
2023-02-28,21.88,22.677,22.74,21.784,3450000.0,-3.52
2023-03-01,22.52,21.88,22.854,21.67,3370000.0,2.93
2023-03-02,21.997,22.52,22.633,21.68,3170000.0,-2.32
2023-03-03,21.423,21.997,22.017,20.47,5330000.0,-2.61
2023-03-04,20.988,21.423,21.598,20.33,2200000.0,-2.03
2023-03-05,20.974,20.988,21.663,20.85,3060000.0,-0.07
2023-03-06,20.61,20.97,21.14,20.49,3700000.0,-1.74
2023-03-07,20.236,20.61,20.95,19.732,5230000.0,-1.81
2023-03-08,18.41,20.236,20.38,18.214,9320000.0,-9.02
2023-03-09,17.341,18.41,18.745,16.819,12510000.0,-5.81
2023-03-10,18.208,17.326,18.352,16.06,15880000.0,5.0
2023-03-11,18.113,18.202,18.896,17.011,9260000.0,-0.52
2023-03-12,20.184,18.113,20.452,17.757,9040000.0,11.43
2023-03-13,20.425,20.184,21.367,18.907,16739999.999999998,1.19
2023-03-14,20.914,20.428,22.081,19.802,14880000.0,2.4
2023-03-15,19.261,20.914,21.463,18.773,11640000.0,-7.9
2023-03-16,19.697,19.261,19.888,18.927,6620000.0,2.26
2023-03-17,21.624,19.697,21.669,19.437,9170000.0,9.79
2023-03-18,21.215,21.628,22.85,21.091,10590000.0,-1.89
2023-03-19,21.855,21.218,22.428,21.214,6100000.0,3.02
2023-03-20,22.147,21.855,23.893,21.448,15170000.0,1.34
2023-03-21,22.574,22.15,23.316,21.578,9940000.0,1.93
2023-03-22,21.425,22.574,23.062,21.019,12390000.0,-5.09
2023-03-23,22.184,21.434,22.741,21.172,7730000.0,3.54
2023-03-24,20.659,22.184,22.27,20.308,8000000.0,-6.87
2023-03-25,20.425,20.659,20.969,20.129,3110000.0,-1.13
2023-03-26,20.957,20.425,21.117,20.295,2380000.0,2.6
2023-03-27,19.9,20.954,20.982,19.448,4720000.0,-5.04
2023-03-28,20.453,19.9,20.82,19.62,4680000.0,2.78
2023-03-29,21.11,20.46,21.536,20.43,4440000.0,3.21
2023-03-30,20.555,21.11,21.648,20.16,5960000.0,-2.63
2023-03-31,21.165,20.547,21.462,20.072,4179999.9999999995,2.97
2023-04-01,21.072,21.165,21.31,20.796,2240000.0,-0.44
2023-04-02,20.524,21.08,21.294,20.25,2280000.0,-2.6
2023-04-03,20.446,20.52,20.99,19.992,5700000.0,-0.38
2023-04-04,20.922,20.446,21.238,20.324,3310000.0,2.33
2023-04-05,20.97,20.922,21.333,20.632,3580000.0,0.23
2023-04-06,20.62,20.963,20.988,20.466,2330000.0,-1.67
2023-04-07,20.446,20.623,20.773,20.253,1760000.0,-0.84
2023-04-08,20.043,20.446,20.726,19.9,2400000.0,-1.97
2023-04-09,20.285,20.043,20.425,19.9,1370000.0,1.2
2023-04-10,20.904,20.282,20.95,20.082,2490000.0,3.05
2023-04-11,22.982,20.897,23.675,20.827,11980000.0,9.94
2023-04-12,23.788,22.982,24.4,22.336,13850000.0,3.5
2023-04-13,24.437,23.79,25.243,23.655,7930000.0,2.73
2023-04-14,24.723,24.437,25.463,23.765,9000000.0,1.17
2023-04-15,24.047,24.723,24.778,23.825,3800000.0,-2.73
2023-04-16,25.36,24.05,25.457,23.845,4590000.0,5.46
2023-04-17,24.569,25.365,25.96,24.358,8000000.0,-3.12
2023-04-18,24.823,24.572,25.436,24.023,5020000.0,1.03
2023-04-19,22.683,24.823,24.969,22.072,9380000.0,-8.62
2023-04-20,22.183,22.683,23.134,21.605,7760000.0,-2.2
2023-04-21,21.267,22.197,22.39,21.07,6040000.0,-4.13
2023-04-22,21.795,21.267,21.972,21.067,2440000.0,2.48
2023-04-23,21.47,21.795,22.237,21.012,3470000.0,-1.49
2023-04-24,21.38,21.47,21.982,21.036,3840000.0,-0.42
2023-04-25,21.92,21.38,21.962,20.736,4280000.0,2.53
2023-04-26,21.284,21.92,22.937,20.476,8430000.0,-2.9
2023-04-27,22.332,21.284,22.494,21.18,5970000.0,4.92
2023-04-28,23.348,22.332,23.471,22.184,6060000.0,4.55
2023-04-29,23.186,23.348,23.778,22.934,4040000.0,-0.69
2023-04-30,22.739,23.186,23.902,22.739,4050000.0,-1.93
2023-05-01,21.975,22.739,22.88,21.6,5000000.0,-3.36
2023-05-02,22.252,21.952,22.374,21.76,3280000.0,1.26
2023-05-03,22.22,22.25,22.282,21.254,5120000.0,-0.14
2023-05-04,21.74,22.22,22.472,21.616,3210000.0,-2.16
2023-05-05,22.825,21.74,23.043,21.656,4960000.0,4.99
2023-05-06,21.928,22.825,23.224,21.613,3870000.0,-3.93
2023-05-07,21.655,21.928,22.734,21.655,3800000.0,-1.25
2023-05-08,20.632,21.657,21.807,20.003,7050000.0,-4.72
2023-05-09,20.673,20.632,20.997,20.427,3220000.0,0.19
2023-05-10,20.932,20.658,21.297,19.999,6520000.0,1.26
2023-05-11,20.184,20.934,20.934,19.797,4780000.0,-3.57
2023-05-12,20.906,20.184,20.936,19.83,4360000.0,3.57
2023-05-13,20.832,20.906,21.277,20.792,2310000.0,-0.35
2023-05-14,20.944,20.832,21.234,20.632,1970000.0,0.54
2023-05-15,20.99,20.944,21.504,20.622,3930000.0,0.22
2023-05-16,20.673,20.987,21.133,20.45,3770000.0,-1.51
2023-05-17,21.047,20.673,21.182,20.44,3490000.0,1.81
2023-05-18,20.347,21.047,21.09,20.127,3670000.0,-3.33
2023-05-19,20.35,20.347,20.563,20.267,1660000.0,0.01
2023-05-20,20.29,20.35,20.36,20.113,1280000.0,-0.29
2023-05-21,19.612,20.29,20.39,19.413,2570000.0,-3.34
2023-05-22,19.53,19.612,19.997,19.37,3020000.0,-0.42
2023-05-23,20.028,19.53,20.166,19.426,3280000.0,2.55
2023-05-24,19.213,20.03,20.07,18.852,3800000.0,-4.07
2023-05-25,19.25,19.213,19.54,18.798,2370000.0,0.19
2023-05-26,19.35,19.25,19.553,19.093,1440000.0,0.52
2023-05-27,20.424,19.353,20.512,19.33,2000000.0,5.55
2023-05-28,20.802,20.422,21.165,20.302,3530000.0,1.85
2023-05-29,20.572,20.8,20.974,20.28,2840000.0,-1.1
2023-05-30,21.253,20.572,21.396,20.472,4460000.0,3.31
2023-05-31,20.823,21.253,21.326,20.435,2840000.0,-2.02
2023-06-01,20.497,20.82,20.983,20.437,2290000.0,-1.56
2023-06-02,21.258,20.497,21.372,20.325,2660000.0,3.71
2023-06-03,21.19,21.262,21.345,20.994,1480000.0,-0.32
2023-06-04,21.83,21.195,22.29,21.035,3610000.0,3.02
2023-06-05,20.0,21.83,22.052,19.353,8369999.999999999,-8.38
2023-06-06,20.39,19.993,20.685,19.265,5770000.0,1.95
2023-06-07,18.627,20.39,20.512,18.527,5400000.0,-8.65
2023-06-08,18.892,18.633,19.093,18.258,3150000.0,1.42
2023-06-09,17.398,18.89,19.325,17.125,6200000.0,-7.91
2023-06-10,15.623,17.398,17.398,13.33,20690000.0,-10.2
2023-06-11,15.551,15.622,16.142,15.142,7040000.0,-0.46
2023-06-12,15.19,15.55,15.649,14.759,6090000.0,-2.32
2023-06-13,15.038,15.191,15.931,14.78,5770000.0,-1.0
2023-06-14,14.488,15.037,15.336,14.14,4820000.0,-3.66
2023-06-15,14.787,14.49,15.049,14.189,5380000.0,2.07
2023-06-16,15.32,14.787,15.45,14.454,3940000.0,3.6
2023-06-17,15.64,15.32,16.093,15.17,3120000.0,2.09
2023-06-18,15.448,15.64,15.828,15.34,1940000.0,-1.23
2023-06-19,16.102,15.448,16.13,15.368,2410000.0,4.23
2023-06-20,16.633,16.102,16.653,15.758,4099999.9999999995,3.29
2023-06-21,17.245,16.633,17.402,16.57,5530000.0,3.68
2023-06-22,16.634,17.237,17.725,16.582,4330000.0,-3.55
2023-06-23,17.142,16.634,17.512,16.218,6420000.0,3.06
2023-06-24,16.642,17.142,17.525,16.392,3530000.0,-2.92
2023-06-25,16.964,16.642,17.38,16.573,3450000.0,1.94
2023-06-26,16.262,16.962,17.112,15.986,3980000.0,-4.14
2023-06-27,16.622,16.262,16.92,16.14,3850000.0,2.21
2023-06-28,15.965,16.622,16.648,15.712,5320000.0,-3.95
2023-06-29,17.99,15.968,18.238,15.885,9570000.0,12.68
2023-06-30,18.858,17.988,19.93,17.33,13570000.0,4.83
2023-07-01,18.719,18.858,18.983,17.919,4080000.0,-0.74
2023-07-02,19.462,18.719,19.718,18.559,5970000.0,3.97
2023-07-03,19.234,19.46,19.64,18.89,3790000.0,-1.17
2023-07-04,19.134,19.234,19.928,19.08,3860000.0,-0.52
2023-07-05,18.99,19.134,19.376,18.476,3190000.0,-0.75
2023-07-06,19.641,18.992,20.964,18.86,11930000.0,3.43
2023-07-07,21.493,19.616,21.698,19.298,11560000.0,9.43
2023-07-08,21.823,21.495,22.447,21.329,7760000.0,1.54
2023-07-09,21.342,21.823,22.332,21.042,4590000.0,-2.21
2023-07-10,21.305,21.325,21.79,20.532,6750000.0,-0.17
2023-07-11,22.078,21.298,22.305,21.212,5530000.0,3.63
2023-07-12,21.942,22.078,22.72,21.776,7450000.0,-0.62
2023-07-13,25.995,21.938,26.651,21.45,19220000.0,18.47
2023-07-14,26.679,25.991,30.574,25.309,23770000.0,2.63
2023-07-15,27.456,26.675,29.072,26.547,12930000.0,2.91
2023-07-16,27.42,27.461,28.553,26.764,8109999.999999999,-0.13
2023-07-17,26.804,27.42,28.455,25.794,10590000.0,-2.25
2023-07-18,25.554,26.804,27.062,24.793,8119999.999999999,-4.66
2023-07-19,26.32,25.554,26.98,25.378,6480000.0,3.0
2023-07-20,25.371,26.31,27.358,25.096,6370000.0,-3.6
2023-07-21,25.492,25.378,25.994,25.098,4230000.0,0.48
2023-07-22,24.52,25.492,25.96,24.26,2990000.0,-3.81
2023-07-23,24.76,24.522,25.248,24.233,3140000.0,0.98
2023-07-24,23.37,24.763,24.83,22.917,5220000.0,-5.61
2023-07-25,23.27,23.37,23.578,22.767,3350000.0,-0.43
2023-07-26,25.19,23.27,25.581,23.182,7500000.0,8.25
2023-07-27,25.102,25.174,25.634,24.7,5270000.0,-0.35
2023-07-28,24.82,25.1,25.522,24.554,3600000.0,-1.12
2023-07-29,25.16,24.82,25.38,24.755,2260000.0,1.37
2023-07-30,24.25,25.158,25.21,23.763,3530000.0,-3.62
2023-07-31,23.72,24.25,24.78,23.608,3990000.0,-2.19
2023-08-01,24.01,23.722,24.04,23.012,4530000.0,1.22
2023-08-02,23.148,24.05,24.234,22.93,4220000.0,-3.59
2023-08-03,22.64,23.148,23.372,22.484,3630000.0,-2.19
2023-08-04,22.796,22.64,23.558,22.508,4070000.0000000005,0.69
2023-08-05,22.648,22.796,22.926,22.311,2160000.0,-0.65
2023-08-06,23.197,22.648,23.432,22.578,3070000.0,2.42
2023-08-07,23.109,23.197,23.579,22.418,3780000.0,-0.38
2023-08-08,24.21,23.117,24.74,23.026,5920000.0,4.77
2023-08-09,24.385,24.21,24.984,24.122,4700000.0,0.72
2023-08-10,24.605,24.385,24.86,24.135,3080000.0,0.9
2023-08-11,24.618,24.605,24.898,24.354,2940000.0,0.05
2023-08-12,24.902,24.616,25.128,24.396,2250000.0,1.15
2023-08-13,24.23,24.902,24.94,24.216,2340000.0,-2.7
2023-08-14,25.176,24.23,25.271,24.117,3660000.0,3.9
2023-08-15,23.946,25.18,25.28,23.744,4840000.0,-4.89
2023-08-16,22.816,23.92,24.016,22.438,5480000.0,-4.72
2023-08-17,21.7,22.816,23.416,20.265,7700000.0,-4.89
2023-08-18,21.348,21.698,22.172,20.976,4840000.0,-1.62
2023-08-19,21.9,21.346,22.15,21.308,2110000.0,2.59
2023-08-20,21.768,21.9,22.014,21.596,1340000.0,-0.6
2023-08-21,21.19,21.77,21.772,20.448,3360000.0,-2.65
2023-08-22,20.584,21.192,21.262,19.557,4500000.0,-2.86
2023-08-23,21.738,20.584,21.784,20.448,4590000.0,5.61
2023-08-24,21.058,21.738,22.018,20.684,3360000.0,-3.13
2023-08-25,20.42,21.058,21.058,20.096,2950000.0,-3.03
2023-08-26,20.288,20.42,20.422,20.206,937780.0,-0.65
2023-08-27,20.79,20.288,20.908,20.24,1370000.0,2.47
2023-08-28,20.568,20.79,20.79,20.086,2100000.0,-1.07
2023-08-29,21.792,20.568,21.982,20.118,6610000.0,5.95
2023-08-30,20.812,21.792,21.958,20.6,3170000.0,-4.5
2023-08-31,19.727,20.812,21.008,19.481,4820000.0,-5.21
2023-09-01,19.322,19.737,19.92,19.08,3330000.0,-2.05
2023-09-02,19.5,19.322,19.678,19.146,1730000.0,0.92
2023-09-03,19.572,19.5,19.668,19.256,1340000.0,0.37
2023-09-04,19.517,19.572,19.998,19.181,2620000.0,-0.28
2023-09-05,20.258,19.52,20.571,19.047,5070000.0,3.8
2023-09-06,19.64,20.258,20.37,19.206,4099999.9999999995,-3.05
2023-09-07,19.904,19.64,19.99,19.34,2920000.0,1.34
2023-09-08,19.61,19.904,20.27,19.395,2430000.0,-1.48
2023-09-09,19.432,19.608,19.61,19.385,846260.0,-0.91
2023-09-10,18.23,19.432,19.44,17.85,6860000.0,-6.19
2023-09-11,17.736,18.238,18.438,17.396,6020000.0,-2.71
2023-09-12,17.91,17.738,18.69,17.57,5940000.0,0.98
2023-09-13,18.398,17.912,18.52,17.708,5120000.0,2.72
2023-09-14,18.85,18.398,19.3,18.398,5380000.0,2.46
2023-09-15,19.14,18.852,19.433,18.567,2910000.0,1.54
2023-09-16,19.13,19.143,19.421,18.885,1830000.0,-0.05
2023-09-17,18.822,19.13,19.132,18.682,1310000.0,-1.61
2023-09-18,19.648,18.822,20.122,18.613,4870000.0,4.39
2023-09-19,20.03,19.65,20.362,19.582,3760000.0,1.95
2023-09-20,20.297,20.03,20.508,19.818,3430000.0,1.33
2023-09-21,19.463,20.292,20.292,19.313,4019999.9999999995,-4.11
2023-09-22,19.428,19.463,19.78,19.172,2360000.0,-0.18
2023-09-23,19.488,19.428,19.563,19.29,1170000.0,0.31
2023-09-24,19.358,19.488,19.654,19.278,1330000.0,-0.66
2023-09-25,19.398,19.362,19.736,19.14,2240000.0,0.2
2023-09-26,19.026,19.398,19.52,18.868,2500000.0,-1.92
2023-09-27,19.127,19.026,19.46,18.762,3390000.0,0.53
2023-09-28,19.96,19.127,19.976,19.105,3970000.0,4.35
2023-09-29,20.28,19.96,20.424,19.853,3290000.0,1.6
2023-09-30,21.364,20.28,21.762,20.1,4410000.0,5.34
2023-10-01,23.883,21.364,24.433,21.138,7770000.0,11.79
2023-10-02,23.36,23.887,24.671,22.93,8000000.0,-2.19
2023-10-03,23.608,23.36,24.697,23.268,7030000.0,1.06
2023-10-04,23.14,23.608,23.776,22.665,4830000.0,-1.98
2023-10-05,22.67,23.14,23.73,22.592,4050000.0,-2.03
2023-10-06,23.483,22.67,23.731,22.67,5050000.0,3.59
2023-10-07,23.303,23.701,23.824,23.091,3430000.0,-0.77
2023-10-08,23.224,23.301,23.613,23.101,2210000.0,-0.34
2023-10-09,22.097,23.222,23.37,21.782,4870000.0,-4.85
2023-10-10,22.098,22.1,22.459,21.703,2810000.0,0.01
2023-10-11,22.015,22.098,22.416,21.63,3550000.0,-0.38
2023-10-12,21.299,22.008,22.032,21.032,3400000.0,-3.26
2023-10-13,21.84,21.299,22.175,21.12,2970000.0,2.54
2023-10-14,21.99,21.838,22.22,21.808,1550000.0,0.69
2023-10-15,21.914,22.0,22.152,21.67,1820000.0,-0.35
2023-10-16,23.952,21.914,24.583,21.9,8670000.0,9.3
2023-10-17,23.934,23.954,24.52,23.579,5520000.0,-0.08
2023-10-18,23.417,23.934,24.36,23.38,3990000.0,-2.16
2023-10-19,24.942,23.42,25.434,23.181,7600000.0,6.51
2023-10-20,27.02,24.927,27.35,24.732,9710000.0,8.33
2023-10-21,29.343,27.02,30.165,26.665,11470000.0,8.6
2023-10-22,29.049,29.325,29.992,28.123,6550000.0,-1.0
2023-10-23,31.922,29.051,32.709,28.77,15070000.0,9.89
2023-10-24,30.16,31.922,32.552,29.592,13770000.0,-5.52
2023-10-25,32.444,30.16,33.841,30.038,13170000.0,7.57
2023-10-26,32.78,32.448,33.242,30.777,9530000.0,1.04
2023-10-27,31.724,32.78,33.305,31.456,7870000.0,-3.22
2023-10-28,31.632,31.724,32.5,31.413,3130000.0,-0.29
2023-10-29,32.805,31.632,33.142,31.312,4670000.0,3.71
2023-10-30,34.942,32.83,35.199,32.385,9620000.0,6.51
2023-10-31,38.398,34.942,38.561,34.862,12760000.0,9.89
2023-11-01,41.113,38.401,46.479,37.926,25100000.0,7.07
2023-11-02,40.246,41.113,44.501,38.762,18190000.0,-2.11
2023-11-03,39.452,40.246,40.25,38.072,12860000.0,-1.97
2023-11-04,42.424,39.454,42.675,39.032,9180000.0,7.53
2023-11-05,41.154,42.426,42.826,40.297,5780000.0,-2.99
2023-11-06,42.187,41.157,42.19,39.687,7070000.0,2.51
2023-11-07,42.946,42.171,44.442,40.236,12270000.0,1.8
2023-11-08,43.127,42.946,43.866,42.295,6000000.0,0.42
2023-11-09,45.335,43.132,48.777,42.529,16800000.0,5.12
2023-11-10,56.677,45.305,57.442,45.095,19270000.0,25.02
2023-11-11,56.354,56.677,63.576,53.636,18650000.0,-0.57
2023-11-12,56.35,56.375,61.823,54.617,13540000.0,-0.01
2023-11-13,51.662,56.35,59.8,51.635,14450000.0,-8.32
2023-11-14,56.82,51.639,57.751,51.603,15400000.0,9.98
2023-11-15,65.555,56.82,67.03,56.234,16379999.999999998,15.37
2023-11-16,57.815,65.527,68.076,56.552,18330000.0,-11.81
2023-11-17,58.497,57.823,60.442,54.205,14710000.0,1.18
2023-11-18,58.552,58.497,59.313,54.856,9190000.0,0.09
2023-11-19,61.114,58.566,62.011,56.724,9090000.0,4.38
2023-11-20,56.574,61.087,61.199,56.234,8920000.0,-7.43
2023-11-21,51.691,56.574,57.316,51.401,12950000.0,-8.63
2023-11-22,57.482,51.691,58.825,51.65,9830000.0,11.2
2023-11-23,56.412,57.538,59.506,56.192,6230000.0,-1.86
2023-11-24,56.863,56.412,58.712,56.242,5280000.0,0.8
2023-11-25,58.809,56.87,59.715,55.895,5310000.0,3.42
2023-11-26,57.559,58.809,59.007,56.26,4240000.0,-2.13
2023-11-27,55.06,57.559,58.04,53.59,6160000.0,-4.34
2023-11-28,58.192,55.055,58.634,53.978,7110000.0,5.69
2023-11-29,59.294,58.184,61.706,57.766,9660000.0,1.89
2023-11-30,59.199,59.292,61.646,58.858,5670000.0,-0.16
2023-12-01,59.754,59.199,61.846,58.614,6660000.0,0.94
2023-12-02,63.807,59.756,63.898,59.674,6290000.0,6.78
2023-12-03,62.988,63.795,65.419,62.329,6520000.0,-1.28
2023-12-04,61.572,62.988,65.243,60.081,10400000.0,-2.25
2023-12-05,60.959,61.575,62.548,59.153,7720000.0,-1.0
2023-12-06,61.896,60.959,66.631,60.959,13830000.0,1.54
2023-12-07,67.791,61.898,69.322,61.677,13530000.0,9.53
2023-12-08,74.896,67.798,75.242,67.798,14150000.0,10.48
2023-12-09,72.319,74.896,77.55,71.848,11330000.0,-3.44
2023-12-10,74.75,72.317,74.839,70.734,7650000.0,3.36
2023-12-11,70.297,74.871,74.919,65.783,15880000.0,-5.96
2023-12-12,68.55,70.297,72.388,65.962,9920000.0,-2.48
2023-12-13,70.598,68.55,72.457,64.058,10300000.0,2.99
2023-12-14,75.686,70.596,76.186,69.682,9450000.0,7.21
2023-12-15,72.545,75.686,79.454,72.214,11170000.0,-4.15
2023-12-16,73.724,72.503,77.191,71.279,7210000.0,1.62
2023-12-17,70.737,73.733,74.914,70.594,6500000.0,-4.05
2023-12-18,74.394,70.799,75.38,67.13,9170000.0,5.17
2023-12-19,73.078,74.418,76.352,71.833,7640000.0,-1.77
2023-12-20,82.164,73.068,83.992,72.986,13600000.0,12.43
2023-12-21,93.92,82.164,95.465,81.187,15310000.0,14.31
2023-12-22,97.972,93.908,99.342,90.659,15050000.0,4.31
2023-12-23,107.948,97.964,109.638,92.869,10510000.0,10.18
2023-12-24,112.471,107.948,117.912,107.504,15820000.0,4.19
2023-12-25,120.761,112.514,125.506,108.164,13740000.0,7.37
2023-12-26,112.603,120.761,121.291,103.265,15420000.0,-6.76
2023-12-27,106.782,112.603,115.232,105.099,11250000.0,-5.17
2023-12-28,101.845,106.766,109.442,97.302,12920000.0,-4.62
2023-12-29,106.166,101.845,109.726,99.632,11740000.0,4.24
2023-12-30,101.808,106.166,107.36,100.862,4930000.0,-4.11
2023-12-31,101.59,101.808,105.151,99.597,4840000.0,-0.21
2024-01-01,109.628,101.59,109.668,101.558,5570000.0,7.91
2024-01-02,106.72,109.728,116.92,106.052,9660000.0,-2.65
2024-01-03,98.536,106.72,109.887,86.141,15160000.0,-7.67
2024-01-04,104.876,98.536,108.042,96.776,8730000.0,6.43
2024-01-05,99.93,104.876,105.301,95.605,8010000.0,-4.72
2024-01-06,93.728,99.93,100.227,91.618,6180000.0,-6.21
2024-01-07,89.328,93.728,96.713,87.928,6840000.0,-4.69
2024-01-08,97.86,89.347,99.91,85.331,12280000.0,9.55
2024-01-09,99.37,97.899,103.898,95.484,10420000.0,1.54
2024-01-10,102.024,99.37,105.323,92.35,10770000.0,2.67
2024-01-11,99.862,102.05,107.04,97.78,11410000.0,-2.12
2024-01-12,92.039,99.862,100.427,87.66,7950000.0,-7.83
2024-01-13,95.774,92.058,97.039,89.59,5220000.0,4.06
2024-01-14,93.855,95.781,103.11,93.767,7680000.0,-2.0
2024-01-15,94.398,93.9,96.87,93.166,4490000.0,0.58
2024-01-16,97.607,94.358,98.682,94.189,4570000.0,3.4
2024-01-17,102.07,97.598,102.691,96.884,8700000.0,4.57
2024-01-18,94.352,102.078,103.424,91.679,7740000.0,-7.56
2024-01-19,93.655,94.354,95.309,87.055,7770000.0,-0.74
2024-01-20,92.756,93.649,94.23,90.268,3320000.0,-0.96
2024-01-21,91.055,92.756,93.892,90.83,2410000.0,-1.83
2024-01-22,83.829,91.053,91.867,82.35,8670000.0,-7.94
2024-01-23,84.303,83.841,85.924,79.009,10070000.0,0.57
2024-01-24,88.769,84.296,89.305,83.315,7350000.0,5.3
2024-01-25,86.88,88.771,89.585,85.173,5120000.0,-2.13
2024-01-26,92.209,86.877,93.662,86.1,6020000.0,6.13
2024-01-27,94.201,92.272,94.481,90.72,3540000.0,2.16
2024-01-28,95.982,94.266,99.42,93.422,6860000.0,1.89
2024-01-29,101.613,95.982,101.88,95.103,7240000.0,5.87
2024-01-30,101.377,101.617,106.318,101.033,8760000.0,-0.23
2024-01-31,97.043,101.373,102.581,96.09,10670000.0,-4.28
2024-02-01,97.803,97.04,98.015,93.143,8650000.0,0.78
2024-02-02,100.542,97.803,102.495,97.452,6940000.0,2.8
2024-02-03,97.94,100.546,101.165,96.709,3640000.0,-2.59
2024-02-04,95.435,97.94,98.528,95.106,3540000.0,-2.56
2024-02-05,95.624,95.442,98.633,94.193,4800000.0,0.2
2024-02-06,96.85,95.626,97.858,93.314,5530000.0,1.28
2024-02-07,101.058,96.848,101.409,94.755,5760000.0,4.34
2024-02-08,102.76,101.059,104.912,100.562,7170000.0,1.68
2024-02-09,106.909,102.771,108.815,102.763,8230000.0,4.04
2024-02-10,109.032,106.935,110.858,106.914,5030000.0,1.99
2024-02-11,107.439,109.031,110.625,107.289,3520000.0,-1.46
2024-02-12,111.803,107.445,112.211,103.525,7550000.0,4.06
2024-02-13,112.502,111.803,114.86,108.414,7120000.0,0.62
2024-02-14,116.959,112.502,118.649,110.714,6180000.0,3.96
2024-02-15,113.555,116.967,118.34,111.556,6180000.0,-2.91
2024-02-16,110.341,113.543,114.253,108.211,4920000.0,-2.83
2024-02-17,108.913,110.341,111.057,105.826,3480000.0,-1.29
2024-02-18,112.206,108.912,114.033,107.535,3720000.0,3.02
2024-02-19,111.465,112.214,114.772,111.011,4680000.0,-0.66
2024-02-20,108.292,111.465,112.092,104.863,7170000.0,-2.85
2024-02-21,105.059,108.325,108.341,100.267,6180000.0,-2.99
2024-02-22,101.774,105.064,107.045,101.524,4960000.0,-3.13
2024-02-23,99.827,101.751,103.084,98.786,4410000.0,-1.91
2024-02-24,104.012,99.828,104.691,98.507,2960000.0,4.19
2024-02-25,103.475,104.012,104.405,102.081,2450000.0,-0.52
2024-02-26,109.851,103.469,110.693,100.352,6790000.0,6.16
2024-02-27,108.398,109.856,112.2,105.667,7720000.0,-1.32
2024-02-28,118.877,108.4,118.877,107.284,14270000.0,9.67
2024-02-29,125.588,118.878,134.492,117.433,16950000.0,5.65
2024-03-01,129.914,125.621,137.554,125.602,10160000.0,3.44
2024-03-02,130.078,129.914,131.62,127.399,5710000.0,0.13
2024-03-03,130.22,130.078,132.076,124.848,6200000.0,0.11
2024-03-04,132.896,130.213,134.933,127.54,9690000.0,2.05
2024-03-05,125.249,132.896,142.507,111.792,20500000.0,-5.75
2024-03-06,130.734,125.365,134.886,120.184,11350000.0,4.38
2024-03-07,143.888,130.733,149.033,130.676,13990000.0,10.06
2024-03-08,144.748,143.863,152.672,142.149,10230000.0,0.6
2024-03-09,144.238,144.765,149.122,143.799,5650000.0,-0.35
2024-03-10,144.407,144.279,148.515,140.599,6320000.0,0.12
2024-03-11,148.791,144.413,150.07,136.848,10640000.0,3.04
2024-03-12,151.054,148.803,154.89,141.877,12210000.0,1.52
2024-03-13,163.907,151.053,166.58,148.824,10570000.0,8.51
2024-03-14,176.523,163.914,177.989,159.632,14170000.0,7.7
2024-03-15,183.334,176.523,188.803,165.177,23170000.0,3.86
2024-03-16,182.079,183.854,197.783,177.242,17080000.0,-0.68
2024-03-17,201.83,182.071,204.396,178.884,13620000.0,10.85
2024-03-18,195.866,201.814,209.917,194.427,14860000.0,-2.95
2024-03-19,169.894,195.847,198.548,166.249,21790000.0,-13.26
2024-03-20,191.897,169.89,193.103,162.719,16469999.999999998,12.95
2024-03-21,179.417,191.772,195.408,175.909,10330000.0,-6.5
2024-03-22,175.087,179.403,181.643,167.718,8199999.999999999,-2.41
2024-03-23,172.641,175.077,178.755,170.502,5040000.0,-1.4
2024-03-24,183.676,172.641,186.564,171.392,5040000.0,6.39
2024-03-25,188.979,183.692,194.458,181.085,7350000.0,2.89
2024-03-26,190.465,188.977,196.509,186.378,6330000.0,0.79
2024-03-27,186.18,190.46,192.546,180.341,7230000.0,-2.25
2024-03-28,189.482,186.23,190.838,180.923,5210000.0,1.77
2024-03-29,192.107,189.473,192.949,183.558,5150000.0,1.39
2024-03-30,194.221,192.105,199.812,190.938,4940000.0,1.1
2024-03-31,202.51,194.211,203.075,193.747,3840000.0,4.27
2024-04-01,192.224,202.51,204.194,187.311,6500000.0,-5.08
2024-04-02,181.446,192.228,192.228,175.973,8150000.0,-5.61
2024-04-03,185.076,181.428,191.625,177.085,6610000.0,2.0
2024-04-04,183.999,185.09,190.099,180.251,5300000.0,-0.58
2024-04-05,174.368,184.007,185.025,168.038,6980000.0,-5.23
2024-04-06,178.703,174.37,179.699,173.604,3910000.0,2.49
2024-04-07,179.541,178.698,182.62,176.961,3530000.0,0.47
2024-04-08,180.691,179.527,184.501,175.498,5280000.0,0.64
2024-04-09,172.39,180.691,180.853,169.362,6290000.0,-4.59
2024-04-10,173.329,172.389,175.431,163.229,7870000.0,0.54
2024-04-11,172.432,173.313,176.257,170.184,6300000.0,-0.52
2024-04-12,153.281,172.374,175.891,142.597,11540000.0,-11.11
2024-04-13,138.641,153.255,154.838,119.471,26820000.0,-9.55
2024-04-14,151.412,138.641,152.499,130.816,21550000.0,9.21
2024-04-15,138.499,151.416,155.92,133.876,16129999.999999998,-8.53
2024-04-16,136.227,138.535,140.403,126.639,15130000.0,-1.64
2024-04-17,131.919,136.227,142.648,127.087,13420000.0,-3.16
2024-04-18,142.037,131.892,143.72,128.002,10570000.0,7.67
2024-04-19,142.362,142.076,147.425,128.627,15070000.0,0.23
2024-04-20,151.138,142.362,152.226,139.718,6720000.0,6.17
2024-04-21,148.785,151.15,153.334,146.915,5120000.0,-1.56
2024-04-22,156.979,148.794,158.372,146.867,6920000.0,5.51
2024-04-23,154.743,156.978,159.976,153.141,5730000.0,-1.42
2024-04-24,147.739,154.742,159.748,145.734,8560000.0,-4.53
2024-04-25,144.808,147.739,149.438,142.245,7350000.0,-1.98
2024-04-26,139.104,144.803,146.034,138.885,5250000.0,-3.94
2024-04-27,141.306,139.104,142.952,133.85,5500000.0,1.58
2024-04-28,137.895,141.306,144.586,137.178,4139999.9999999995,-2.41
2024-04-29,137.686,137.973,138.89,133.513,5850000.0,-0.15
2024-04-30,126.74,137.718,139.687,121.528,8600000.0,-7.95
2024-05-01,134.643,126.737,135.697,119.18,11140000.0,6.24
2024-05-02,137.648,134.642,140.67,128.284,7710000.0,2.23
2024-05-03,143.639,137.645,144.897,136.019,6310000.0,4.35
2024-05-04,146.057,143.65,147.803,142.376,4000000.0,1.68
2024-05-05,145.692,146.056,147.966,143.255,3240000.0,-0.25
2024-05-06,152.825,145.692,156.586,145.481,6190000.0,4.9
2024-05-07,148.062,152.825,159.087,147.994,5930000.0,-3.12
2024-05-08,142.206,148.057,149.925,140.046,6000000.0,-3.96
2024-05-09,152.795,142.169,153.202,140.643,5300000.0,7.45
2024-05-10,146.032,152.814,155.56,144.769,5900000.0,-4.43
2024-05-11,145.391,146.032,147.551,143.254,3060000.0,-0.44
2024-05-12,143.417,145.389,147.731,142.893,1920000.0,-1.36
2024-05-13,147.411,143.417,150.564,138.008,5920000.0,2.78
2024-05-14,142.023,147.395,148.949,141.927,4730000.0,-3.66
2024-05-15,158.285,142.021,158.73,141.362,6790000.0,11.45
2024-05-16,159.306,158.285,164.395,156.778,6090000.0,0.65
2024-05-17,169.441,159.32,171.959,159.301,5470000.0,6.36
2024-05-18,172.441,169.439,175.983,168.742,3860000.0,1.77
2024-05-19,169.936,172.441,175.372,166.432,3450000.0,-1.45
2024-05-20,186.788,169.932,188.229,167.848,6980000.0,9.92
2024-05-21,178.179,186.752,188.752,174.507,7580000.0,-4.61
2024-05-22,177.027,178.179,183.244,175.1,5950000.0,-0.65
2024-05-23,176.04,176.955,180.71,167.284,8440000.0,-0.56
2024-05-24,167.785,176.04,176.077,162.703,6890000.0,-4.69
2024-05-25,168.385,167.775,170.406,166.077,3030000.0,0.36
2024-05-26,163.354,168.379,168.388,161.18,4300000.0,-2.99
2024-05-27,170.124,163.356,172.203,163.356,4170000.0,4.14
2024-05-28,168.694,170.132,173.139,165.068,5320000.0,-0.84
2024-05-29,168.291,168.695,173.765,167.307,4600000.0,-0.24
2024-05-30,166.895,168.276,172.361,163.638,4860000.0,-0.83
2024-05-31,165.58,166.847,170.821,164.024,3820000.0,-0.79
2024-06-01,166.116,165.58,167.857,165.58,1650000.0,0.32
2024-06-02,163.241,166.116,167.055,161.415,2610000.0,-1.73
2024-06-03,164.958,163.243,167.095,161.793,3570000.0,1.05
2024-06-04,171.778,164.898,171.859,164.446,3290000.0,4.13
2024-06-05,173.491,171.784,175.565,171.207,3800000.0,1.0
2024-06-06,170.106,173.491,174.371,167.754,3070000.0,-1.95
2024-06-07,162.504,170.114,172.583,155.049,5110000.0,-4.47
2024-06-08,157.829,162.504,163.716,157.403,2690000.0,-2.88
2024-06-09,162.136,157.818,163.014,156.625,2180000.0,2.73
2024-06-10,159.049,162.129,163.123,157.623,2590000.0,-1.9
2024-06-11,149.351,159.048,159.644,145.666,5570000.0,-6.1
2024-06-12,155.237,149.351,161.663,145.513,5580000.0,3.94
2024-06-13,147.25,155.229,155.237,146.046,3730000.0,-5.15
2024-06-14,143.05,147.242,148.939,139.857,4570000.0,-2.85
2024-06-15,145.5,143.056,145.687,142.962,1940000.0,1.71
2024-06-16,151.256,145.505,151.256,143.095,2049999.9999999998,3.96
2024-06-17,143.225,151.265,151.731,139.984,4560000.0,-5.31
2024-06-18,137.376,143.225,143.75,129.144,9040000.0,-4.08
2024-06-19,135.646,137.394,141.771,134.658,4660000.0,-1.26
2024-06-20,133.527,135.652,141.118,131.977,5020000.0,-1.56
2024-06-21,134.536,133.527,135.309,128.772,4770000.0,0.76
2024-06-22,133.689,134.529,136.625,133.101,1970000.0,-0.63
2024-06-23,128.644,133.692,135.071,128.219,2440000.0,-3.77
2024-06-24,132.275,128.638,132.546,123.337,8620000.0,2.82
2024-06-25,136.573,132.326,139.822,131.208,6080000.0,3.25
2024-06-26,136.796,136.573,140.325,134.91,3630000.0,0.16
2024-06-27,149.703,136.793,150.96,135.224,6310000.0,9.43
2024-06-28,139.93,149.713,150.387,139.015,5030000.0,-6.53
2024-06-29,140.185,139.961,143.008,139.713,2680000.0,0.18
2024-06-30,146.56,140.189,147.427,137.177,3350000.0,4.55
2024-07-01,146.669,146.553,149.088,145.871,3680000.0,0.07
2024-07-02,153.909,146.671,154.946,146.142,4070000.0000000005,4.94
2024-07-03,140.744,153.905,154.439,139.49,6140000.0,-8.55
2024-07-04,127.674,140.774,142.676,127.292,7370000.0,-9.29
2024-07-05,134.309,127.674,136.137,121.261,10680000.0,5.2
2024-07-06,143.147,134.306,144.084,132.452,4110000.0000000005,6.58
2024-07-07,131.462,143.101,143.288,131.355,3760000.0,-8.16
2024-07-08,139.747,131.492,141.723,128.12,7880000.0,6.3
2024-07-09,141.368,139.713,144.039,136.548,4780000.0,1.16
2024-07-10,142.077,141.368,145.963,138.669,3850000.0,0.5
2024-07-11,135.776,142.082,145.511,135.735,4780000.0,-4.43
2024-07-12,139.497,135.734,140.504,134.091,4190000.0000000005,2.74
2024-07-13,141.884,139.497,143.508,137.991,2200000.0,1.71
2024-07-14,147.687,141.884,148.536,141.884,4190000.0000000005,4.09
2024-07-15,159.616,147.694,159.933,147.053,4940000.0,8.08
2024-07-16,160.527,159.614,162.444,152.744,5540000.0,0.57
2024-07-17,155.325,160.62,163.602,154.712,4099999.9999999995,-3.24
2024-07-18,159.209,155.477,161.546,155.304,3630000.0,2.5
2024-07-19,169.153,159.214,171.244,156.287,6560000.0,6.25
2024-07-20,173.607,169.155,174.965,167.361,3060000.0,2.63
2024-07-21,184.414,173.614,184.959,170.733,5010000.0,6.22
2024-07-22,178.958,184.414,184.86,176.837,4470000.0,-2.96
2024-07-23,173.0,178.961,180.495,170.868,5130000.0,-3.33
2024-07-24,178.082,173.003,182.383,171.035,5050000.0,2.94
2024-07-25,171.837,178.142,179.549,165.693,6740000.0,-3.51
2024-07-26,183.058,171.842,183.506,171.842,4410000.0,6.53
2024-07-27,183.818,183.058,188.137,178.149,4980000.0,0.42
2024-07-28,184.904,183.818,186.579,181.303,2790000.0,0.59
2024-07-29,182.606,184.906,193.89,181.681,5720000.0,-1.24
2024-07-30,179.061,182.55,184.683,175.628,4550000.0,-1.94
2024-07-31,171.678,179.084,184.27,171.678,4870000.0,-4.12
2024-08-01,167.504,171.678,172.776,158.034,8050000.000000001,-2.43
2024-08-02,152.837,167.48,169.337,150.067,8070000.0,-8.76
2024-08-03,142.442,152.837,153.893,140.109,7400000.0,-6.8
2024-08-04,138.174,142.442,146.004,131.836,9600000.0,-3.0
2024-08-05,129.702,138.288,139.091,110.155,34180000.0,-6.13
2024-08-06,144.385,129.702,149.307,129.529,11680000.0,11.32
2024-08-07,144.422,144.429,154.964,142.476,11670000.0,0.03
2024-08-08,162.92,144.623,163.291,141.49,10700000.0,12.81
2024-08-09,156.247,162.99,163.485,151.041,6310000.0,-4.1
2024-08-10,154.016,156.247,158.452,152.716,2910000.0,-1.43
2024-08-11,141.44,154.018,157.798,141.243,4840000.0,-8.17
2024-08-12,146.321,141.455,150.688,141.419,6770000.0,3.45
2024-08-13,146.663,146.321,149.722,143.011,4040000.0,0.23
2024-08-14,143.765,146.668,151.866,142.582,5480000.0,-1.98
2024-08-15,142.479,143.763,147.433,138.086,6050000.0,-0.89
2024-08-16,139.044,142.491,144.836,136.226,5550000.0,-2.41
2024-08-17,141.914,139.044,141.941,137.664,2340000.0,2.06
2024-08-18,142.42,141.932,146.997,140.759,3830000.0,0.36
2024-08-19,144.304,142.406,145.548,140.39,3980000.0,1.32
2024-08-20,142.295,144.308,148.629,141.173,4350000.0,-1.39
2024-08-21,142.726,142.287,144.328,139.003,3810000.0,0.3
2024-08-22,143.194,142.719,144.78,140.82,2730000.0,0.33
2024-08-23,153.15,143.214,153.757,142.743,5260000.0,6.95
2024-08-24,160.667,153.15,162.146,152.014,5210000.0,4.91
2024-08-25,159.083,160.667,161.951,155.331,3560000.0,-0.99
2024-08-26,157.136,159.057,161.878,155.594,4460000.0,-1.22
2024-08-27,146.921,157.137,159.544,145.275,5100000.0,-6.5
2024-08-28,143.928,146.923,148.709,140.658,5650000.0,-2.04
2024-08-29,140.025,143.928,147.31,138.186,4099999.9999999995,-2.71
2024-08-30,137.975,140.025,141.067,132.328,5440000.0,-1.46
2024-08-31,135.342,137.98,139.183,134.545,1920000.0,-1.91
2024-09-01,128.572,135.342,136.031,127.87,4270000.0,-5.0
2024-09-02,134.948,128.565,135.377,127.149,4440000.0,4.96
2024-09-03,127.457,134.949,137.234,127.314,3820000.0,-5.55
2024-09-04,133.652,127.505,134.826,122.836,5710000.0,4.86
2024-09-05,129.462,133.652,135.3,127.96,3910000.0,-3.13
2024-09-06,125.031,129.462,134.215,120.927,7680000.0,-3.42
2024-09-07,127.733,125.042,129.334,124.227,2930000.0,2.16
2024-09-08,130.092,127.729,131.538,126.654,2830000.0,1.85
2024-09-09,135.048,130.127,136.853,127.102,5010000.0,3.81
2024-09-10,135.604,135.05,137.863,132.573,3380000.0,0.41
2024-09-11,132.404,135.619,135.875,128.347,4310000.0,-2.36
2024-09-12,136.038,132.404,136.659,132.394,3470000.0,2.75
2024-09-13,139.069,136.038,139.744,131.812,3850000.0,2.23
2024-09-14,137.158,139.069,139.755,135.73,2140000.0,-1.37
2024-09-15,131.425,137.157,137.916,130.801,2760000.0,-4.18
2024-09-16,131.405,131.419,132.31,129.068,3140000.0,-0.02
2024-09-17,131.54,131.405,135.5,130.359,3430000.0,0.1
2024-09-18,134.327,131.54,134.327,127.196,4700000.0,2.12
2024-09-19,142.874,134.327,143.908,134.327,6040000.0,6.36
2024-09-20,146.699,142.872,152.125,141.234,5960000.0,2.68
2024-09-21,149.414,146.699,149.797,144.669,2700000.0,1.85
2024-09-22,144.732,149.419,149.87,141.285,3050000.0,-3.13
2024-09-23,144.713,144.687,148.985,142.203,4470000.0,-0.01
2024-09-24,152.684,144.714,153.921,143.291,5540000.0,5.51
2024-09-25,147.999,152.666,153.758,147.366,3810000.0,-3.07
2024-09-26,155.548,147.999,157.981,146.59,5590000.0,5.1
2024-09-27,157.647,155.549,160.986,154.017,4990000.0,1.35
2024-09-28,156.71,157.647,159.396,155.152,2360000.0,-0.59
2024-09-29,158.479,156.71,161.705,155.15,3290000.0,1.13
2024-09-30,152.63,158.471,159.71,151.908,4230000.0,-3.69
2024-10-01,145.261,152.621,157.29,142.708,7030000.0,-4.83
2024-10-02,140.236,145.251,148.901,138.687,5440000.0,-3.46
2024-10-03,136.835,140.236,142.904,133.38,5270000.0,-2.42
2024-10-04,143.161,136.844,144.479,135.985,4390000.0,4.62
2024-10-05,142.604,143.151,144.873,141.086,2170000.0,-0.39
2024-10-06,146.488,142.592,146.694,142.014,2130000.0,2.72
2024-10-07,143.932,146.483,152.215,143.573,4940000.0,-1.74
2024-10-08,143.516,143.93,145.548,141.213,3080000.0,-0.29
2024-10-09,139.308,143.488,145.289,138.795,3200000.0,-2.93
2024-10-10,139.038,139.308,140.798,136.112,3300000.0,-0.19
2024-10-11,145.449,139.029,146.454,138.732,3490000.0,4.61
2024-10-12,146.404,145.453,147.219,144.695,2100000.0,0.66
2024-10-13,147.682,146.39,148.742,144.572,2370000.0,0.87
2024-10-14,157.536,147.68,157.977,146.868,5390000.0,6.67
2024-10-15,154.774,157.536,159.441,150.464,5960000.0,-1.75
2024-10-16,154.275,154.774,158.225,153.042,4010000.0,-0.32
2024-10-17,150.503,154.275,155.648,147.796,3790000.0,-2.44
2024-10-18,154.913,150.503,156.613,149.678,2780000.0,2.93
2024-10-19,159.683,154.914,159.766,153.845,2510000.0,3.08
2024-10-20,167.338,159.683,167.861,157.613,4120000.0,4.79
2024-10-21,166.142,167.351,171.464,161.602,6300000.0,-0.72
2024-10-22,167.364,166.14,170.953,163.117,5340000.0,0.74
2024-10-23,170.927,167.419,174.16,164.219,5880000.0,2.13
2024-10-24,177.159,170.927,179.13,170.532,5250000.0,3.65
2024-10-25,165.098,177.156,177.409,160.134,7340000.0,-6.81
2024-10-26,170.798,165.108,173.189,162.52,4030000.0000000005,3.45
2024-10-27,176.701,170.799,178.214,170.282,3500000.0,3.46
2024-10-28,178.199,176.698,179.547,172.64,5140000.0,0.85
2024-10-29,179.425,178.197,183.272,176.441,5580000.0,0.69
2024-10-30,174.918,179.431,181.271,173.227,3970000.0,-2.51
2024-10-31,168.754,174.91,176.473,167.636,3680000.0,-3.52
2024-11-01,166.165,168.763,173.945,163.796,4540000.0,-1.53
2024-11-02,166.082,166.149,168.56,162.228,2290000.0,-0.05
2024-11-03,162.483,166.082,166.544,158.004,3800000.0,-2.17
2024-11-04,157.953,162.49,164.959,155.188,4019999.9999999995,-2.79
2024-11-05,166.624,157.958,169.245,156.956,4600000.0,5.49
2024-11-06,186.627,166.622,189.943,166.551,13310000.0,12.0
2024-11-07,196.233,186.62,197.805,186.007,5940000.0,5.15
2024-11-08,199.844,196.235,204.862,195.709,6910000.0,1.84
2024-11-09,199.92,199.845,203.384,195.09,4080000.0,0.04
2024-11-10,210.053,199.926,215.152,198.738,10260000.0,5.07
2024-11-11,222.141,210.053,224.022,204.309,11290000.0,5.75
2024-11-12,211.579,222.141,225.081,205.145,11400000.0,-4.75
2024-11-13,215.187,211.579,220.398,201.034,13500000.0,1.71
2024-11-14,209.49,215.179,222.788,207.109,9410000.0,-2.65
2024-11-15,218.439,209.49,220.185,204.615,6810000.0,4.27
2024-11-16,215.662,218.441,221.891,213.629,5410000.0,-1.27
2024-11-17,237.467,215.668,241.875,212.258,10500000.0,10.11
2024-11-18,239.769,237.471,248.366,234.077,9260000.0,0.97
2024-11-19,237.593,239.779,247.46,233.782,6970000.0,-0.91
2024-11-20,235.513,237.588,242.146,230.677,6920000.0,-0.88
2024-11-21,256.587,235.513,259.316,230.038,11100000.0,8.95
2024-11-22,256.576,256.552,264.248,251.654,6720000.0,0.0
2024-11-23,254.913,256.656,263.966,252.829,6040000.0,-0.65
2024-11-24,252.8,254.92,259.706,241.6,4750000.0,-0.83
2024-11-25,251.997,252.8,256.502,246.389,4560000.0,-0.32
